Sorteo,Tipo Lotería,Fecha,No 1,No 2,No 3,No 4,No 5,Acumulado
1891,Lotto,02/01/2019,10,27,9,0,17,"50,000,000.00"
1892,Lotto,05/01/2019,32,22,29,30,7,"88,400,000.00"
1893,Lotto,09/01/2019,23,7,9,39,32,"50,000,000.00"
1894,Lotto,12/01/2019,32,16,1,17,27,"88,000,000.00"
1895,Lotto,16/01/2019,1,7,35,40,39,"50,000,000.00"
1896,Lotto,19/01/2019,18,1,29,14,30,"50,000,000.00"
1897,Lotto,23/01/2019,17,21,1,12,34,"83,700,000.00"
1898,Lotto,26/01/2019,30,27,12,10,38,"119,500,000.00"
1899,Lotto,30/01/2019,1,23,6,28,13,"155,900,000.00"
1900,Lotto,02/02/2019,8,3,25,26,4,"198,000,000.00"
1901,Lotto,06/02/2019,3,33,17,21,28,"50,000,000.00"
1902,Lotto,09/02/2019,34,36,29,28,10,"82,700,000.00"
1903,Lotto,13/02/2019,31,3,15,11,37,"113,700,000.00"
1904,Lotto,16/02/2019,2,37,12,15,11,"150,300,000.00"
1905,Lotto,20/02/2019,19,32,20,0,24,"184,800,000.00"
1906,Lotto,23/02/2019,14,29,1,26,0,"222,900,000.00"
1907,Lotto,27/02/2019,19,5,31,35,2,"263,600,000.00"
1908,Lotto,02/03/2019,31,22,39,25,14,"313,100,000.00"
1909,Lotto,06/03/2019,33,10,8,35,21,"364,900,000.00"
1910,Lotto,09/03/2019,35,34,38,30,21,"421,900,000.00"
1911,Lotto,13/03/2019,11,31,21,24,6,"480,500,000.00"
1912,Lotto,16/03/2019,12,13,11,4,20,"50,000,000.00"
1913,Lotto,20/03/2019,22,34,33,8,32,"84,300,000.00"
1914,Lotto,23/03/2019,25,9,3,38,26,"50,000,000.00"
1915,Lotto,27/03/2019,30,9,10,23,6,"78,100,000.00"
1916,Lotto,30/03/2019,5,2,1,7,21,"50,000,000.00"
1917,Lotto,03/04/2019,15,26,31,12,35,"79,600,000.00"
1918,Lotto,06/04/2019,27,14,33,21,37,"109,800,000.00"
1919,Lotto,10/04/2019,22,5,7,20,8,"138,000,000.00"
1920,Lotto,13/04/2019,10,39,8,20,40,"50,000,000.00"
1921,Lotto,17/04/2019,20,29,10,38,24,"70,900,000.00"
1922,Lotto,24/04/2019,8,28,29,11,4,"97,900,000.00"
1923,Lotto,27/04/2019,13,9,14,33,0,"126,800,000.00"
1924,Lotto,01/05/2019,7,11,37,28,39,"152,400,000.00"
1925,Lotto,04/05/2019,26,24,38,18,33,"186,500,000.00"
Sorteo,Tipo Lotería,Fecha,No 1,No 2,No 3,No 4,No 5,Acumulado
1926,Lotto,08/05/2019,10,23,4,30,29,"218,400,000.00"
1927,Lotto,11/05/2019,18,9,26,36,28,"254,600,000.00"
1928,Lotto,15/05/2019,22,15,9,37,3,"290,400,000.00"
1929,Lotto,18/05/2019,20,22,36,15,40,"50,000,000.00"
1930,Lotto,22/05/2019,5,35,36,37,17,"76,200,000.00"
1931,Lotto,25/05/2019,37,4,3,29,25,"103,100,000.00"
1932,Lotto,29/05/2019,38,10,1,40,27,"130,000,000.00"
1933,Lotto,01/06/2019,11,33,32,24,19,"161,700,000.00"
1934,Lotto,05/06/2019,22,11,13,34,28,"50,000,000.00"
1935,Lotto,08/06/2019,33,34,18,25,8,"50,000,000.00"
1936,Lotto,12/06/2019,9,1,24,36,4,"74,600,000.00"
1937,Lotto,15/06/2019,25,32,21,2,38,"103,100,000.00"
1938,Lotto,19/06/2019,36,2,10,31,25,"130,600,000.00"
1939,Lotto,22/06/2019,25,24,37,15,12,"160,500,000.00"
1940,Lotto,26/06/2019,35,6,26,34,32,"189,000,000.00"
1941,Lotto,29/06/2019,38,22,37,6,1,"222,700,000.00"
1942,Lotto,03/07/2019,6,33,18,10,37,"50,000,000.00"
1943,Lotto,06/07/2019,3,13,26,5,2,"71,400,000.00"
1944,Lotto,10/07/2019,25,8,12,6,17,"92,500,000.00"
1945,Lotto,13/07/2019,20,36,3,30,8,"50,000,000.00"
1946,Lotto,17/07/2019,21,39,26,9,2,"72,300,000.00"
1947,Lotto,20/07/2019,13,3,36,20,6,"95,500,000.00"
1948,Lotto,24/07/2019,27,2,40,5,28,"50,000,000.00"
1949,Lotto,27/07/2019,2,24,29,9,6,"71,300,000.00"
1950,Lotto,31/07/2019,5,6,28,1,20,"93,400,000.00"
1951,Lotto,03/08/2019,28,27,1,24,10,"117,600,000.00"
1952,Lotto,07/08/2019,23,37,31,28,24,"140,300,000.00"
1953,Lotto,10/08/2019,1,34,39,17,18,"50,000,000.00"
1954,Lotto,14/08/2019,10,30,6,3,29,"68,700,000.00"
1955,Lotto,17/08/2019,39,34,9,14,22,"50,000,000.00"
1956,Lotto,21/08/2019,33,35,34,15,27,"68,500,000.00"
1957,Lotto,24/08/2019,8,36,15,10,3,"88,900,000.00"
1958,Lotto,28/08/2019,24,32,7,4,12,"50,000,000.00"
1959,Lotto,31/08/2019,36,9,6,37,19,"71,000,000.00"
1960,Lotto,04/09/2019,9,1,3,40,17,"90,900,000.00"
1961,Lotto,07/09/2019,37,14,18,35,8,"50,000,000.00"
1962,Lotto,11/09/2019,27,3,2,32,20,"67,500,000.00"
1963,Lotto,14/09/2019,39,32,13,16,11,"88,100,000.00"
1964,Lotto,18/09/2019,8,24,37,27,15,"107,700,000.00"
1965,Lotto,21/09/2019,23,31,7,4,26,"128,800,000.00"
1966,Lotto,25/09/2019,16,3,7,25,6,"149,100,000.00"
Sorteo,Tipo Lotería,Fecha,No 1,No 2,No 3,No 4,No 5,Acumulado
1967,Lotto,28/09/2019,24,6,14,40,36,"50,000,000.00"
1968,Lotto,02/10/2019,7,9,38,20,13,"69,200,000.00"
1969,Lotto,05/10/2019,35,27,21,11,22,"87,700,000.00"
1970,Lotto,09/10/2019,12,34,39,15,7,"104,800,000.00"
1971,Lotto,12/10/2019,40,27,18,3,7,"123,900,000.00"
1972,Lotto,16/10/2019,14,24,17,10,0,"143,300,000.00"
1973,Lotto,19/10/2019,27,26,19,10,9,"50,000,000.00"
1974,Lotto,23/10/2019,28,25,21,1,20,"65,600,000.00"
1975,Lotto,26/10/2019,7,15,33,28,9,"82,300,000.00"
1976,Lotto,30/10/2019,15,8,30,4,27,"98,800,000.00"
1977,Lotto,02/11/2019,6,7,39,32,40,"118,600,000.00"
1978,Lotto,06/11/2019,38,34,31,6,33,"136,900,000.00"
1979,Lotto,09/11/2019,38,26,39,36,7,"157,300,000.00"
1980,Lotto,13/11/2019,34,28,37,29,19,"176,100,000.00"
1981,Lotto,16/11/2019,34,10,39,24,23,"197,700,000.00"
1982,Lotto,20/11/2019,9,25,40,18,28,"50,000,000.00"
1983,Lotto,23/11/2019,19,37,29,32,24,"66,000,000.00"
1984,Lotto,27/11/2019,26,6,34,17,23,"80,700,000.00"
1985,Lotto,30/11/2019,39,25,8,31,36,"97,900,000.00"
1986,Lotto,04/12/2019,38,40,37,29,3,"115,000,000.00"
1987,Lotto,07/12/2019,38,21,13,4,39,"133,600,000.00"
1988,Lotto,11/12/2019,37,17,21,7,28,"150,900,000.00"
1989,Lotto,14/12/2019,18,14,19,30,24,"169,100,000.00"
1990,Lotto,18/12/2019,24,3,30,22,37,"50,000,000.00"
1991,Lotto,21/12/2019,2,27,7,24,37,"64,600,000.00"
1992,Lotto,28/12/2019,38,40,33,11,19,"80,300,000.00"
1993,Lotto,04/01/2020,16,15,30,20,26,"96,400,000.00"
1994,Lotto,08/01/2020,18,7,27,36,34,"111,200,000.00"
1995,Lotto,11/01/2020,36,13,30,16,19,"128,000,000.00"
1996,Lotto,15/01/2020,12,6,18,1,2,"145,000,000.00"
1997,Lotto,18/01/2020,0,10,32,39,23,"164,700,000.00"
1998,Lotto,22/01/2020,27,28,3,14,38,"184,100,000.00"
1999,Lotto,25/01/2020,11,2,28,21,5,"205,500,000.00"
2000,Lotto,29/01/2020,19,21,8,24,9,"227,900,000.00"
2001,Lotto,01/02/2020,35,1,26,18,38,"254,600,000.00"
2002,Lotto,05/02/2020,36,40,6,17,33,"281,500,000.00"
2003,Lotto,08/02/2020,22,13,19,16,14,"50,000,000.00"
2004,Lotto,12/02/2020,29,38,18,7,22,"66,000,000.00"
2005,Lotto,15/02/2020,38,22,26,30,23,"83,500,000.00"
2006,Lotto,19/02/2020,18,3,29,10,8,"50,000,000.00"
2007,Lotto,22/02/2020,34,12,13,30,40,"66,800,000.00"
Sorteo,Tipo Lotería,Fecha,No 1,No 2,No 3,No 4,No 5,Acumulado
2008,Lotto,26/02/2020,31,16,27,12,10,"82,600,000.00"
2009,Lotto,29/02/2020,2,15,0,17,35,"101,600,000.00"
2010,Lotto,04/03/2020,39,25,36,4,15,"119,800,000.00"
2011,Lotto,07/03/2020,17,35,25,36,20,"140,000,000.00"
2012,Lotto,11/03/2020,40,16,21,38,28,"158,800,000.00"
2013,Lotto,14/03/2020,10,1,14,7,35,"178,700,000.00"
2014,Lotto,18/03/2020,0,40,1,34,13,"195,700,000.00"
2015,Lotto,21/03/2020,5,25,14,18,13,"50,000,000.00"
2016,Lotto,25/03/2020,28,4,38,18,26,"58,700,000.00"
2017,Lotto,28/03/2020,1,0,30,20,8,"69,800,000.00"
2018,Lotto,01/04/2020,27,11,24,2,38,"81,200,000.00"
2019,Lotto,04/04/2020,29,28,35,3,8,"90,200,000.00"
2020,Lotto,08/04/2020,36,22,34,32,15,"97,000,000.00"
2021,Lotto,15/04/2020,2,30,12,29,34,"109,700,000.00"
2022,Lotto,18/04/2020,20,30,17,10,7,"122,100,000.00"
2023,Lotto,22/04/2020,40,37,26,1,22,"137,100,000.00"
1693,Lotto,25/04/2020,32,23,27,20,3,"25,000,000.00"
1694,Lotto,25/04/2020,4,13,26,19,20,"25,000,000.00"
1695,Lotto,25/04/2020,28,23,17,26,3,"55,200,000.00"
2024,Lotto,25/04/2020,1,14,3,30,15,"152,000,000.00"
1696,Lotto,26/04/2020,32,14,2,5,31,"86,300,000.00"
1697,Lotto,26/04/2020,1,20,11,3,9,"25,000,000.00"
1698,Lotto,26/04/2020,24,26,1,20,11,"53,200,000.00"
2025,Lotto,29/04/2020,3,7,37,38,32,"169,500,000.00"
2026,Lotto,02/05/2020,0,20,38,15,24,"187,300,000.00"
2027,Lotto,06/05/2020,9,4,10,1,14,"206,900,000.00"
2028,Lotto,09/05/2020,6,23,3,16,37,"227,500,000.00"
2029,Lotto,13/05/2020,15,2,9,13,35,"251,600,000.00"
2030,Lotto,16/05/2020,26,24,4,6,28,"277,300,000.00"
2031,Lotto,20/05/2020,29,5,15,4,24,"50,000,000.00"
2032,Lotto,23/05/2020,34,2,30,19,38,"67,900,000.00"
2033,Lotto,27/05/2020,38,3,1,31,16,"84,200,000.00"
2034,Lotto,30/05/2020,40,25,14,6,23,"101,300,000.00"
2035,Lotto,03/06/2020,37,1,24,17,35,"118,000,000.00"
2036,Lotto,06/06/2020,22,3,36,20,27,"135,600,000.00"
2037,Lotto,10/06/2020,8,21,15,24,17,"153,600,000.00"
2038,Lotto,13/06/2020,4,22,32,37,40,"172,000,000.00"
2039,Lotto,17/06/2020,22,36,4,29,26,"191,700,000.00"
2040,Lotto,20/06/2020,3,32,0,10,25,"210,400,000.00"
2041,Lotto,24/06/2020,3,13,26,15,18,"50,000,000.00"
2042,Lotto,27/06/2020,22,4,39,17,21,"65,500,000.00"
Sorteo,Tipo Lotería,Fecha,No 1,No 2,No 3,No 4,No 5,Acumulado
2043,Lotto,01/07/2020,21,3,0,20,18,"50,000,000.00"
2044,Lotto,04/07/2020,30,16,34,6,25,"64,500,000.00"
2045,Lotto,08/07/2020,20,40,28,29,18,"78,400,000.00"
2046,Lotto,11/07/2020,6,21,40,33,16,"91,900,000.00"
2047,Lotto,15/07/2020,34,35,10,11,37,"103,600,000.00"
2048,Lotto,18/07/2020,38,26,28,17,33,"118,500,000.00"
2049,Lotto,22/07/2020,21,11,4,39,17,"133,800,000.00"
2050,Lotto,25/07/2020,0,14,4,17,32,"150,200,000.00"
2051,Lotto,29/07/2020,5,2,1,26,32,"167,200,000.00"
2052,Lotto,01/08/2020,34,38,6,31,25,"187,000,000.00"
2053,Lotto,05/08/2020,27,23,15,10,35,"204,300,000.00"
2054,Lotto,08/08/2020,4,26,38,24,37,"226,000,000.00"
2055,Lotto,12/08/2020,7,34,37,39,24,"248,300,000.00"
2056,Lotto,19/08/2020,9,1,20,16,19,"277,300,000.00"
2057,Lotto,22/08/2020,33,8,23,7,28,"305,200,000.00"
2058,Lotto,26/08/2020,25,18,6,30,9,"336,200,000.00"
2059,Lotto,29/08/2020,10,35,4,37,2,"50,000,000.00"
2060,Lotto,02/09/2020,23,1,20,29,27,"50,000,000.00"
2061,Lotto,05/09/2020,20,39,36,28,10,"66,300,000.00"
2062,Lotto,09/09/2020,26,33,16,21,13,"82,100,000.00"
2063,Lotto,12/09/2020,0,34,26,20,35,"99,700,000.00"
2064,Lotto,16/09/2020,19,6,3,10,11,"117,500,000.00"
2065,Lotto,19/09/2020,24,12,23,6,21,"137,800,000.00"
2066,Lotto,23/09/2020,8,36,39,35,1,"156,400,000.00"
2067,Lotto,26/09/2020,18,35,14,11,33,"177,500,000.00"
2068,Lotto,30/09/2020,10,1,28,21,5,"197,700,000.00"
2069,Lotto,03/10/2020,0,39,2,15,7,"50,000,000.00"
2070,Lotto,07/10/2020,13,37,7,19,0,"65,900,000.00"
2071,Lotto,10/10/2020,16,36,12,30,17,"84,500,000.00"
2072,Lotto,14/10/2020,35,30,6,20,7,"101,700,000.00"
2073,Lotto,17/10/2020,25,9,20,5,18,"123,000,000.00"
2074,Lotto,21/10/2020,22,35,23,39,28,"142,900,000.00"
2075,Lotto,24/10/2020,28,36,38,21,39,"162,800,000.00"
2076,Lotto,28/10/2020,17,12,37,15,10,"182,200,000.00"
2077,Lotto,31/10/2020,21,32,9,30,20,"50,000,000.00"
2078,Lotto,04/11/2020,18,19,30,21,4,"64,900,000.00"
2079,Lotto,07/11/2020,40,10,31,36,8,"82,200,000.00"
2080,Lotto,11/11/2020,17,32,39,35,22,"98,100,000.00"
2081,Lotto,14/11/2020,22,21,8,9,35,"116,100,000.00"
2082,Lotto,18/11/2020,27,32,29,37,14,"133,400,000.00"
2083,Lotto,21/11/2020,14,8,40,38,37,"50,000,000.00"
Sorteo,Tipo Lotería,Fecha,No 1,No 2,No 3,No 4,No 5,Acumulado
2084,Lotto,25/11/2020,6,40,8,33,11,"50,000,000.00"
2085,Lotto,28/11/2020,18,0,15,4,1,"66,200,000.00"
2086,Lotto,02/12/2020,18,5,14,22,21,"81,400,000.00"
2087,Lotto,05/12/2020,20,26,0,27,37,"100,700,000.00"
2088,Lotto,09/12/2020,29,15,7,40,34,"118,400,000.00"
2089,Lotto,12/12/2020,38,22,23,40,7,"137,700,000.00"
2090,Lotto,16/12/2020,36,28,3,24,33,"155,800,000.00"
2091,Lotto,19/12/2020,2,0,37,36,34,"50,000,000.00"
2092,Lotto,23/12/2020,37,18,39,15,1,"63,600,000.00"
2093,Lotto,26/12/2020,17,35,0,37,33,"75,400,000.00"
2094,Lotto,30/12/2020,30,26,27,39,24,"90,000,000.00"
2095,Lotto,02/01/2021,6,30,27,24,21,"102,100,000.00"
2096,Lotto,06/01/2021,1,26,4,20,36,"118,900,000.00"
2097,Lotto,09/01/2021,2,6,14,5,3,"137,100,000.00"
2098,Lotto,13/01/2021,0,31,14,26,27,"155,500,000.00"
2099,Lotto,16/01/2021,17,11,38,15,9,"176,200,000.00"
2100,Lotto,20/01/2021,13,38,36,12,20,"196,800,000.00"
2101,Lotto,23/01/2021,7,19,31,28,12,"219,900,000.00"
2102,Lotto,27/01/2021,36,10,7,0,30,"244,100,000.00"
2103,Lotto,30/01/2021,29,13,18,34,6,"272,700,000.00"
2104,Lotto,03/02/2021,36,20,11,28,10,"302,500,000.00"
2105,Lotto,06/02/2021,12,21,16,24,40,"337,000,000.00"
2106,Lotto,10/02/2021,10,5,35,38,24,"372,200,000.00"
2107,Lotto,13/02/2021,3,11,12,26,24,"412,300,000.00"
2108,Lotto,17/02/2021,16,1,10,28,18,"468,400,000.00"
2109,Lotto,20/02/2021,38,19,3,13,0,"532,100,000.00"
2110,Lotto,24/02/2021,5,18,12,19,14,"50,000,000.00"
2111,Lotto,27/02/2021,0,7,17,26,30,"75,100,000.00"
2112,Lotto,03/03/2021,5,38,40,2,3,"100,700,000.00"
2113,Lotto,06/03/2021,9,14,2,15,3,"128,300,000.00"
2114,Lotto,10/03/2021,22,1,3,8,24,"50,000,000.00"
2115,Lotto,13/03/2021,9,34,23,29,28,"73,000,000.00"
2116,Lotto,17/03/2021,31,7,29,6,35,"95,300,000.00"
2117,Lotto,20/03/2021,37,29,32,11,4,"119,800,000.00"
2118,Lotto,24/03/2021,18,28,23,2,17,"143,000,000.00"
2119,Lotto,27/03/2021,17,10,27,34,5,"169,000,000.00"
2120,Lotto,31/03/2021,39,8,13,7,33,"193,400,000.00"
2121,Lotto,07/04/2021,16,2,7,6,20,"223,000,000.00"
2122,Lotto,10/04/2021,3,30,11,35,14,"50,000,000.00"
2123,Lotto,14/04/2021,7,20,5,12,9,"70,500,000.00"
2124,Lotto,17/04/2021,10,21,37,17,15,"93,200,000.00"
Sorteo,Tipo Lotería,Fecha,No 1,No 2,No 3,No 4,No 5,Acumulado
2125,Lotto,21/04/2021,27,14,26,31,3,"116,700,000.00"
2126,Lotto,24/04/2021,6,40,11,8,28,"50,000,000.00"
2127,Lotto,28/04/2021,19,29,28,18,25,"70,900,000.00"
2128,Lotto,01/05/2021,35,4,18,37,11,"92,900,000.00"
2129,Lotto,05/05/2021,32,15,37,10,36,"112,800,000.00"
2130,Lotto,08/05/2021,40,23,14,6,21,"135,700,000.00"
2131,Lotto,12/05/2021,33,20,40,17,27,"157,700,000.00"
2132,Lotto,15/05/2021,12,36,1,13,4,"182,600,000.00"
2133,Lotto,19/05/2021,40,6,1,8,11,"206,500,000.00"
2134,Lotto,22/05/2021,16,6,15,4,1,"50,000,000.00"
2135,Lotto,26/05/2021,11,24,15,10,2,"67,000,000.00"
2136,Lotto,29/05/2021,33,19,31,30,28,"88,000,000.00"
2137,Lotto,02/06/2021,10,30,26,19,23,"50,000,000.00"
2138,Lotto,05/06/2021,9,7,12,21,6,"168,600,000.00"
2139,Lotto,09/06/2021,34,8,37,33,22,"66,900,000.00"
2140,Lotto,12/06/2021,30,10,5,25,17,"85,800,000.00"
2141,Lotto,16/06/2021,40,35,5,16,27,"105,100,000.00"
2142,Lotto,19/06/2021,15,2,29,37,31,"126,600,000.00"
2143,Lotto,23/06/2021,29,35,7,12,36,"146,900,000.00"
2144,Lotto,26/06/2021,22,15,36,14,9,"168,800,000.00"
2145,Lotto,30/06/2021,12,35,20,16,14,"192,500,000.00"
2146,Lotto,03/07/2021,38,1,36,25,9,"219,400,000.00"
2147,Lotto,07/07/2021,38,40,39,19,34,"247,800,000.00"
2148,Lotto,10/07/2021,12,11,33,40,8,"50,000,000.00"
2149,Lotto,14/07/2021,15,29,0,30,20,"72,000,000.00"
2150,Lotto,17/07/2021,0,14,22,24,18,"97,000,000.00"
2151,Lotto,21/07/2021,33,39,30,38,12,"119,800,000.00"
2152,Lotto,24/07/2021,22,26,20,27,14,"144,600,000.00"
2153,Lotto,28/07/2021,9,38,13,7,29,"50,000,000.00"
2154,Lotto,31/07/2021,11,32,3,14,8,"50,000,000.00"
2155,Lotto,04/08/2021,21,28,3,30,35,"73,600,000.00"
2156,Lotto,07/08/2021,19,23,14,16,0,"100,300,000.00"
2157,Lotto,11/08/2021,20,15,1,32,9,"125,400,000.00"
2158,Lotto,14/08/2021,34,7,33,29,24,"154,300,000.00"
2159,Lotto,18/08/2021,0,6,23,24,9,"183,700,000.00"
2160,Lotto,21/08/2021,9,35,24,22,3,"50,000,000.00"
2161,Lotto,25/08/2021,40,33,25,28,16,"79,900,000.00"
2162,Lotto,28/08/2021,15,11,26,35,21,"50,000,000.00"
2163,Lotto,01/09/2021,11,14,22,1,25,"70,100,000.00"
2164,Lotto,04/09/2021,33,8,40,36,25,"91,700,000.00"
2165,Lotto,08/09/2021,24,33,20,19,34,"111,200,000.00"
Sorteo,Tipo Lotería,Fecha,No 1,No 2,No 3,No 4,No 5,Acumulado
2166,Lotto,11/09/2021,17,33,6,10,12,"50,000,000.00"
2167,Lotto,15/09/2021,18,26,6,21,12,"65,400,000.00"
2168,Lotto,18/09/2021,5,23,0,29,12,"84,500,000.00"
2169,Lotto,22/09/2021,17,15,9,37,2,"101,900,000.00"
2170,Lotto,25/09/2021,37,2,3,19,10,"122,100,000.00"
2171,Lotto,29/09/2021,5,18,1,22,4,"141,600,000.00"
2172,Lotto,02/10/2021,26,3,20,34,16,"165,700,000.00"
2173,Lotto,06/10/2021,34,15,14,22,38,"188,400,000.00"
2174,Lotto,09/10/2021,40,28,31,32,30,"213,800,000.00"
2175,Lotto,13/10/2021,8,2,27,11,12,"237,600,000.00"
2176,Lotto,16/10/2021,2,4,15,40,27,"268,000,000.00"
2177,Lotto,20/10/2021,2,34,17,29,35,"295,400,000.00"
2178,Lotto,23/10/2021,1,25,17,15,6,"50,000,000.00"
2179,Lotto,27/10/2021,21,38,33,30,25,"66,900,000.00"
2180,Lotto,30/10/2021,32,31,23,27,3,"86,200,000.00"
2181,Lotto,03/11/2021,37,18,34,38,32,"104,500,000.00"
2182,Lotto,06/11/2021,4,38,14,37,15,"125,200,000.00"
2183,Lotto,10/11/2021,35,17,28,31,9,"143,800,000.00"
2184,Lotto,13/11/2021,9,35,31,16,28,"164,900,000.00"
2185,Lotto,17/11/2021,22,40,10,34,6,"184,900,000.00"
2186,Lotto,20/11/2021,25,8,39,12,34,"206,900,000.00"
2187,Lotto,24/11/2021,11,15,38,40,22,"228,100,000.00"
2188,Lotto,27/11/2021,40,16,31,28,12,"253,700,000.00"
2189,Lotto,01/12/2021,21,2,34,1,13,"279,500,000.00"
2190,Lotto,04/12/2021,19,38,10,26,16,"50,000,000.00"
2191,Lotto,08/12/2021,35,7,2,29,16,"69,100,000.00"
2192,Lotto,11/12/2021,8,7,13,6,38,"87,300,000.00"
2193,Lotto,15/12/2021,19,10,20,3,34,"104,000,000.00"
2194,Lotto,18/12/2021,10,16,39,19,33,"122,300,000.00"
2195,Lotto,22/12/2021,26,0,13,23,29,"140,100,000.00"
2196,Lotto,29/12/2021,12,29,7,28,22,"50,000,000.00"
2197,Lotto,05/01/2022,36,7,15,0,1,"66,700,000.00"
2198,Lotto,08/01/2022,15,33,19,24,18,"50,000,000.00"
2199,Lotto,12/01/2022,9,10,18,19,11,"65,200,000.00"
2200,Lotto,15/01/2022,29,11,16,40,14,"83,000,000.00"
2201,Lotto,19/01/2022,36,20,38,16,28,"50,000,000.00"
2202,Lotto,22/01/2022,26,38,3,39,21,"67,400,000.00"
2203,Lotto,26/01/2022,13,30,15,39,9,"83,900,000.00"
2204,Lotto,29/01/2022,28,25,0,31,9,"103,300,000.00"
2205,Lotto,02/02/2022,17,19,30,27,22,"123,100,000.00"
2206,Lotto,05/02/2022,23,9,11,2,33,"144,600,000.00"
Sorteo,Tipo Lotería,Fecha,No 1,No 2,No 3,No 4,No 5,Acumulado
2207,Lotto,09/02/2022,37,21,7,14,35,"164,000,000.00"
2208,Lotto,12/02/2022,19,9,38,35,27,"186,400,000.00"
2209,Lotto,16/02/2022,16,28,8,31,9,"50,000,000.00"
2210,Lotto,19/02/2022,22,16,30,0,9,"70,500,000.00"
2211,Lotto,23/02/2022,4,27,6,21,17,"50,000,000.00"
2212,Lotto,26/02/2022,21,22,1,20,6,"72,400,000.00"
2213,Lotto,02/03/2022,37,32,38,10,7,"95,600,000.00"
2214,Lotto,05/03/2022,34,30,35,31,29,"120,700,000.00"
2215,Lotto,09/03/2022,37,13,3,18,27,"50,000,000.00"
2216,Lotto,12/03/2022,0,7,15,22,24,"66,900,000.00"
2217,Lotto,16/03/2022,32,21,5,0,23,"83,800,000.00"
2218,Lotto,19/03/2022,39,3,29,25,15,"102,200,000.00"
2219,Lotto,23/03/2022,40,26,16,35,29,"120,000,000.00"
2220,Lotto,26/03/2022,15,4,8,36,22,"140,000,000.00"
2221,Lotto,30/03/2022,5,6,27,8,30,"158,900,000.00"
2222,Lotto,02/04/2022,27,16,24,32,21,"50,000,000.00"
2223,Lotto,04/04/2022,8,23,15,25,16,"53,400,000.00"
2224,Lotto,06/04/2022,5,36,34,16,14,"66,900,000.00"
2225,Lotto,09/04/2022,23,20,32,17,11,"83,900,000.00"
2226,Lotto,11/04/2022,29,40,0,28,24,"88,700,000.00"
2227,Lotto,13/04/2022,19,17,15,13,31,"101,000,000.00"
2228,Lotto,18/04/2022,26,34,4,14,17,"50,000,000.00"
1690,Lotto,19/04/2022,12,27,26,25,20,"46,000,000.00"
1691,Lotto,19/04/2022,13,25,34,31,17,"25,000,000.00"
1692,Lotto,19/04/2022,26,24,13,21,0,"52,700,000.00"
2229,Lotto,20/04/2022,21,38,3,35,4,"64,200,000.00"
2230,Lotto,23/04/2022,6,3,29,17,12,"81,000,000.00"
2231,Lotto,25/04/2022,3,12,19,35,18,"87,700,000.00"
2232,Lotto,27/04/2022,23,40,16,6,36,"101,900,000.00"
2233,Lotto,30/04/2022,17,30,18,35,8,"120,700,000.00"
2234,Lotto,02/05/2022,23,36,30,15,4,0.00
2235,Lotto,04/05/2022,3,9,26,19,17,"146,700,000.00"
2236,Lotto,07/05/2022,10,36,40,35,4,"168,200,000.00"
2237,Lotto,09/05/2022,39,11,10,36,32,"179,000,000.00"
2238,Lotto,11/05/2022,37,39,0,38,7,"197,400,000.00"
2239,Lotto,14/05/2022,38,14,26,12,35,"50,000,000.00"
2240,Lotto,16/05/2022,7,16,10,39,22,"60,200,000.00"
2241,Lotto,18/05/2022,0,24,27,37,39,"78,300,000.00"
2242,Lotto,21/05/2022,15,0,39,26,22,"95,800,000.00"
2243,Lotto,23/05/2022,28,34,8,14,11,"104,200,000.00"
2244,Lotto,25/05/2022,36,31,20,28,12,"118,800,000.00"
Sorteo,Tipo Lotería,Fecha,No 1,No 2,No 3,No 4,No 5,Acumulado
2245,Lotto,28/05/2022,1,40,32,10,7,"136,200,000.00"
2246,Lotto,30/05/2022,26,24,34,5,21,"145,600,000.00"
2247,Lotto,01/06/2022,34,6,17,12,40,"161,600,000.00"
2248,Lotto,04/06/2022,37,1,27,32,11,"182,000,000.00"
2249,Lotto,06/06/2022,33,30,36,38,3,"192,300,000.00"
2250,Lotto,08/06/2022,7,22,19,40,2,"209,500,000.00"
2251,Lotto,11/06/2022,12,10,24,37,7,"229,900,000.00"
2252,Lotto,13/06/2022,3,4,37,10,23,"242,400,000.00"
2253,Lotto,15/06/2022,5,26,10,38,15,"261,700,000.00"
2254,Lotto,18/06/2022,37,3,31,24,40,"50,000,000.00"
2255,Lotto,20/06/2022,11,39,29,35,36,"50,000,000.00"
2256,Lotto,22/06/2022,39,34,23,11,18,"50,000,000.00"
2257,Lotto,25/06/2022,29,3,2,24,18,"65,100,000.00"
2258,Lotto,27/06/2022,1,24,37,20,32,"73,100,000.00"
2259,Lotto,29/06/2022,5,13,21,3,26,"50,000,000.00"
2260,Lotto,02/07/2022,4,17,39,26,7,"50,000,000.00"
2261,Lotto,04/07/2022,36,30,6,16,28,"57,800,000.00"
2262,Lotto,06/07/2022,26,1,29,39,35,"69,900,000.00"
2263,Lotto,09/07/2022,28,19,3,13,8,"85,300,000.00"
2264,Lotto,11/07/2022,37,35,20,4,13,"93,400,000.00"
2265,Lotto,13/07/2022,30,12,40,32,19,"105,500,000.00"
2266,Lotto,16/07/2022,33,4,34,26,17,"123,900,000.00"
2267,Lotto,18/07/2022,4,40,32,9,13,"134,200,000.00"
2268,Lotto,20/07/2022,20,7,21,8,22,"149,400,000.00"
2269,Lotto,23/07/2022,3,19,16,22,21,"50,000,000.00"
2270,Lotto,25/07/2022,2,0,27,39,40,"50,000,000.00"
2271,Lotto,27/07/2022,3,38,40,17,25,"50,000,000.00"
2272,Lotto,30/07/2022,36,37,1,32,5,"66,700,000.00"
2273,Lotto,01/08/2022,28,26,30,2,4,"76,300,000.00"
2274,Lotto,03/08/2022,15,18,20,8,19,"88,800,000.00"
2275,Lotto,06/08/2022,0,5,6,30,4,"106,200,000.00"
2276,Lotto,08/08/2022,29,36,12,13,4,"116,600,000.00"
2277,Lotto,10/08/2022,26,6,3,24,10,"50,000,000.00"
2278,Lotto,13/08/2022,29,31,37,4,17,"50,000,000.00"
2279,Lotto,15/08/2022,9,25,18,20,19,"54,700,000.00"
2280,Lotto,17/08/2022,1,2,25,17,4,"66,200,000.00"
2281,Lotto,20/08/2022,23,33,40,3,21,"81,100,000.00"
2282,Lotto,22/08/2022,14,19,8,34,32,"89,200,000.00"
2283,Lotto,24/08/2022,29,39,36,40,21,"101,400,000.00"
2284,Lotto,27/08/2022,12,39,40,8,14,"117,600,000.00"
2285,Lotto,29/08/2022,19,27,23,3,1,"127,000,000.00"
Sorteo,Tipo Lotería,Fecha,No 1,No 2,No 3,No 4,No 5,Acumulado
2286,Lotto,31/08/2022,24,40,2,1,34,"141,900,000.00"
2287,Lotto,03/09/2022,9,6,27,28,13,"160,800,000.00"
2288,Lotto,05/09/2022,5,35,4,39,27,"171,600,000.00"
2289,Lotto,07/09/2022,17,15,35,32,6,"187,000,000.00"
2290,Lotto,10/09/2022,32,17,38,0,11,"50,000,000.00"
2291,Lotto,12/09/2022,2,22,4,9,8,"58,500,000.00"
2292,Lotto,14/09/2022,2,33,30,26,1,"70,000,000.00"
2293,Lotto,17/09/2022,33,5,37,12,21,"50,000,000.00"
2294,Lotto,19/09/2022,19,30,9,21,36,"50,000,000.00"
2295,Lotto,21/09/2022,28,20,1,15,8,"62,500,000.00"
2296,Lotto,24/09/2022,31,7,33,4,40,"78,200,000.00"
2297,Lotto,26/09/2022,12,13,16,20,19,"87,400,000.00"
2298,Lotto,28/09/2022,24,9,7,32,36,"99,100,000.00"
2299,Lotto,01/10/2022,37,17,39,13,0,"50,000,000.00"
2300,Lotto,03/10/2022,13,33,29,24,32,"58,400,000.00"
2301,Lotto,05/10/2022,11,19,9,21,16,"70,300,000.00"
2302,Lotto,08/10/2022,34,21,29,28,26,"85,300,000.00"
2303,Lotto,10/10/2022,18,40,4,23,35,"93,800,000.00"
2304,Lotto,12/10/2022,36,23,38,34,8,"105,600,000.00"
2305,Lotto,15/10/2022,7,28,34,29,17,"121,200,000.00"
2306,Lotto,17/10/2022,39,14,15,17,36,"130,700,000.00"
2307,Lotto,19/10/2022,25,23,36,18,6,"144,000,000.00"
2308,Lotto,22/10/2022,27,24,5,35,14,"160,400,000.00"
2309,Lotto,24/10/2022,8,26,15,23,22,"170,800,000.00"
2310,Lotto,26/10/2022,2,9,26,6,14,"50,000,000.00"
2311,Lotto,29/10/2022,0,26,11,31,36,"64,600,000.00"
2312,Lotto,31/10/2022,29,15,33,24,16,"73,400,000.00"
2313,Lotto,02/11/2022,15,34,17,9,12,"85,900,000.00"
2314,Lotto,05/11/2022,24,32,30,40,36,"100,400,000.00"
2315,Lotto,07/11/2022,34,30,24,14,19,"109,800,000.00"
2316,Lotto,09/11/2022,15,0,12,23,17,"50,000,000.00"
2317,Lotto,12/11/2022,24,3,1,35,40,"64,200,000.00"
2318,Lotto,14/11/2022,19,39,20,34,35,"72,800,000.00"
2319,Lotto,16/11/2022,24,29,13,23,38,"85,000,000.00"
2320,Lotto,19/11/2022,10,13,32,22,16,"100,100,000.00"
2321,Lotto,21/11/2022,32,34,9,10,40,"109,700,000.00"
2322,Lotto,23/11/2022,10,37,6,5,11,"121,800,000.00"
2323,Lotto,26/11/2022,1,38,6,5,37,"137,400,000.00"
2324,Lotto,28/11/2022,40,6,23,33,11,"147,900,000.00"
2325,Lotto,30/11/2022,12,31,0,7,34,"163,300,000.00"
2326,Lotto,03/12/2022,0,21,4,34,1,"183,300,000.00"
Sorteo,Tipo Lotería,Fecha,No 1,No 2,No 3,No 4,No 5,Acumulado
2327,Lotto,05/12/2022,12,30,37,29,31,"196,400,000.00"
2328,Lotto,07/12/2022,22,37,39,15,33,"215,700,000.00"
2329,Lotto,10/12/2022,37,30,35,4,15,"240,000,000.00"
2330,Lotto,12/12/2022,18,14,33,22,5,"258,700,000.00"
2331,Lotto,14/12/2022,34,22,7,29,25,"50,000,000.00"
2332,Lotto,17/12/2022,10,11,20,16,34,"68,100,000.00"
2333,Lotto,19/12/2022,10,26,22,27,18,"80,400,000.00"
2334,Lotto,21/12/2022,24,21,0,27,20,"97,500,000.00"
2335,Lotto,24/12/2022,37,7,29,13,28,"113,200,000.00"
2336,Lotto,26/12/2022,7,17,3,10,39,"50,000,000.00"
2337,Lotto,28/12/2022,18,1,8,11,23,"61,600,000.00"
2338,Lotto,31/12/2022,35,15,26,28,7,"72,700,000.00"
2339,Lotto,02/01/2023,35,31,9,17,39,"81,000,000.00"
2340,Lotto,04/01/2023,30,28,13,24,16,"93,500,000.00"
2341,Lotto,07/01/2023,17,3,37,29,19,"109,000,000.00"
2342,Lotto,09/01/2023,3,32,22,36,34,"119,000,000.00"
2343,Lotto,11/01/2023,29,39,20,22,32,"132,900,000.00"
2344,Lotto,14/01/2023,26,13,33,37,8,"150,700,000.00"
2345,Lotto,16/01/2023,27,19,17,35,13,"162,300,000.00"
2346,Lotto,18/01/2023,32,12,24,27,26,"177,900,000.00"
2347,Lotto,21/01/2023,35,1,37,14,2,"197,300,000.00"
2348,Lotto,23/01/2023,39,11,38,19,30,"210,600,000.00"
2349,Lotto,25/01/2023,6,18,38,32,4,"228,300,000.00"
2350,Lotto,28/01/2023,10,40,31,2,34,"251,300,000.00"
2351,Lotto,30/01/2023,34,8,4,29,1,"268,500,000.00"
2352,Lotto,01/02/2023,33,16,34,19,6,"292,500,000.00"
2353,Lotto,04/02/2023,14,17,26,19,16,"50,000,000.00"
2354,Lotto,06/02/2023,38,15,13,12,1,"60,600,000.00"
2355,Lotto,08/02/2023,34,6,26,20,23,"74,300,000.00"
2356,Lotto,11/02/2023,19,4,17,18,35,"91,500,000.00"
2357,Lotto,13/02/2023,10,16,27,20,8,"103,000,000.00"
2358,Lotto,15/02/2023,13,32,28,0,33,"118,700,000.00"
2359,Lotto,18/02/2023,29,4,36,30,31,"50,000,000.00"
2360,Lotto,20/02/2023,13,38,21,27,15,"58,900,000.00"
2361,Lotto,22/02/2023,29,2,32,15,16,"70,700,000.00"
2362,Lotto,25/02/2023,19,33,9,40,37,"85,800,000.00"
2363,Lotto,27/02/2023,23,22,21,13,39,"95,600,000.00"
2364,Lotto,01/03/2023,2,37,8,9,10,"110,300,000.00"
2365,Lotto,04/03/2023,24,19,32,10,5,"128,000,000.00"
2366,Lotto,06/03/2023,14,11,2,1,3,"139,500,000.00"
2367,Lotto,08/03/2023,2,22,26,7,12,"154,400,000.00"
Sorteo,Tipo Lotería,Fecha,No 1,No 2,No 3,No 4,No 5,Acumulado
2368,Lotto,11/03/2023,16,34,25,20,23,"172,900,000.00"
2369,Lotto,13/03/2023,7,38,23,11,30,"184,700,000.00"
2370,Lotto,15/03/2023,36,26,22,6,30,"50,000,000.00"
2371,Lotto,18/03/2023,25,24,35,1,20,"64,600,000.00"
2372,Lotto,20/03/2023,21,31,12,23,2,"73,800,000.00"
2373,Lotto,22/03/2023,22,37,40,28,18,"85,900,000.00"
2374,Lotto,25/03/2023,40,8,35,27,2,"100,400,000.00"
2375,Lotto,27/03/2023,7,5,21,11,19,"110,000,000.00"
2376,Lotto,29/03/2023,10,9,39,8,2,"122,600,000.00"
2377,Lotto,01/04/2023,33,40,26,31,8,"139,200,000.00"
2378,Lotto,03/04/2023,22,30,34,33,35,"148,900,000.00"
2379,Lotto,05/04/2023,26,6,28,5,34,"160,500,000.00"
2380,Lotto,10/04/2023,39,28,21,40,33,"169,800,000.00"
2381,Lotto,12/04/2023,0,9,30,35,4,"183,500,000.00"
2382,Lotto,15/04/2023,18,17,22,28,40,"201,100,000.00"
2383,Lotto,17/04/2023,27,35,7,4,14,"214,400,000.00"
2384,Lotto,19/04/2023,5,30,11,16,15,"231,100,000.00"
2385,Lotto,22/04/2023,12,2,37,15,7,"50,000,000.00"
2386,Lotto,24/04/2023,3,29,13,8,0,"50,000,000.00"
2387,Lotto,26/04/2023,12,27,11,39,24,"62,000,000.00"
2388,Lotto,29/04/2023,27,1,8,37,22,"77,600,000.00"
2389,Lotto,01/05/2023,4,19,7,0,16,"85,400,000.00"
2390,Lotto,03/05/2023,3,14,32,4,19,"99,100,000.00"
2391,Lotto,06/05/2023,32,20,33,24,38,"116,000,000.00"
2392,Lotto,08/05/2023,5,8,34,7,25,"127,500,000.00"
2393,Lotto,10/05/2023,15,25,21,10,26,"140,500,000.00"
2394,Lotto,13/05/2023,10,30,4,3,24,"156,600,000.00"
2395,Lotto,15/05/2023,10,24,3,5,25,"168,000,000.00"
2396,Lotto,17/05/2023,6,35,8,25,3,"182,500,000.00"
2397,Lotto,20/05/2023,0,28,24,13,11,"199,800,000.00"
2398,Lotto,22/05/2023,8,40,0,37,11,"212,000,000.00"
2399,Lotto,24/05/2023,40,16,9,6,0,"50,000,000.00"
2400,Lotto,27/05/2023,17,16,7,28,2,"63,700,000.00"
2401,Lotto,29/05/2023,26,13,30,14,9,"72,200,000.00"
2402,Lotto,31/05/2023,20,21,35,22,24,"84,600,000.00"
2403,Lotto,03/06/2023,36,16,4,34,31,"100,000,000.00"
2404,Lotto,05/06/2023,20,8,39,30,38,"110,300,000.00"
2405,Lotto,07/06/2023,20,13,18,2,0,"122,500,000.00"
2406,Lotto,10/06/2023,4,30,13,33,31,"137,700,000.00"
2407,Lotto,12/06/2023,20,18,5,13,11,"149,000,000.00"
2408,Lotto,14/06/2023,3,25,2,0,12,"162,600,000.00"
Sorteo,Tipo Lotería,Fecha,No 1,No 2,No 3,No 4,No 5,Acumulado
2409,Lotto,17/06/2023,24,17,12,21,4,"179,500,000.00"
2410,Lotto,19/06/2023,1,4,11,29,13,"50,000,000.00"
2411,Lotto,21/06/2023,27,38,7,30,14,"61,600,000.00"
2412,Lotto,24/06/2023,25,7,15,6,13,"50,000,000.00"
2413,Lotto,26/06/2023,14,23,29,15,1,"59,000,000.00"
2414,Lotto,28/06/2023,39,16,22,27,18,"69,200,000.00"
2415,Lotto,01/07/2023,0,27,36,19,11,"81,800,000.00"
2416,Lotto,03/07/2023,2,3,12,11,34,"90,800,000.00"
2417,Lotto,05/07/2023,27,19,6,2,35,"50,000,000.00"
2418,Lotto,08/07/2023,5,1,29,6,7,"62,200,000.00"
2419,Lotto,10/07/2023,19,40,11,24,37,"70,700,000.00"
2420,Lotto,12/07/2023,33,31,28,32,29,"81,300,000.00"
2421,Lotto,15/07/2023,39,11,38,34,19,"94,900,000.00"
2422,Lotto,17/07/2023,37,27,33,22,3,"103,700,000.00"
2423,Lotto,19/07/2023,31,20,24,22,1,"115,800,000.00"
2424,Lotto,22/07/2023,21,14,0,3,39,"130,300,000.00"
2425,Lotto,24/07/2023,17,8,0,16,14,"138,400,000.00"
2426,Lotto,26/07/2023,14,16,15,3,38,"150,100,000.00"
2427,Lotto,29/07/2023,39,32,26,24,21,"166,000,000.00"
2428,Lotto,31/07/2023,27,4,34,39,30,"50,000,000.00"
2429,Lotto,02/08/2023,35,24,5,2,20,"59,000,000.00"
2430,Lotto,05/08/2023,28,1,34,17,18,"72,500,000.00"
2431,Lotto,07/08/2023,24,0,37,8,9,"81,800,000.00"
2432,Lotto,09/08/2023,29,4,22,40,16,"93,200,000.00"
2433,Lotto,12/08/2023,31,21,33,3,9,"107,500,000.00"
2434,Lotto,14/08/2023,15,40,30,37,8,"114,700,000.00"
2435,Lotto,16/08/2023,23,36,0,13,7,"127,500,000.00"
2436,Lotto,19/08/2023,24,19,22,37,40,"143,300,000.00"
2437,Lotto,21/08/2023,8,33,26,0,15,"154,800,000.00"
2438,Lotto,23/08/2023,0,26,11,32,22,"168,600,000.00"
2439,Lotto,26/08/2023,20,33,11,21,8,"186,100,000.00"
2440,Lotto,28/08/2023,17,10,25,1,11,"199,200,000.00"
2441,Lotto,30/08/2023,28,14,1,4,2,"216,000,000.00"
2442,Lotto,02/09/2023,17,14,31,36,20,"238,000,000.00"
2443,Lotto,04/09/2023,30,34,24,37,1,"254,900,000.00"
2444,Lotto,06/09/2023,1,12,5,23,35,"276,100,000.00"
2445,Lotto,09/09/2023,24,6,33,12,17,"301,300,000.00"
2446,Lotto,11/09/2023,37,0,18,17,21,"322,100,000.00"
2447,Lotto,13/09/2023,23,16,5,20,4,"347,600,000.00"
2448,Lotto,16/09/2023,31,9,18,32,22,"378,400,000.00"
2449,Lotto,18/09/2023,6,37,28,20,36,"404,300,000.00"
Sorteo,Tipo Lotería,Fecha,No 1,No 2,No 3,No 4,No 5,Acumulado
2450,Lotto,20/09/2023,31,0,13,39,22,"50,000,000.00"
2451,Lotto,23/09/2023,40,27,16,17,32,"75,100,000.00"
2452,Lotto,25/09/2023,40,0,20,14,9,"92,700,000.00"
2453,Lotto,27/09/2023,16,9,32,29,22,"114,000,000.00"
2454,Lotto,30/09/2023,38,5,11,33,8,"50,000,000.00"
2455,Lotto,02/10/2023,38,5,1,39,35,"69,900,000.00"
2456,Lotto,04/10/2023,7,3,36,20,21,"92,300,000.00"
2457,Lotto,07/10/2023,30,33,27,18,22,"119,200,000.00"
2458,Lotto,09/10/2023,39,18,22,10,30,"132,600,000.00"
2459,Lotto,11/10/2023,32,37,5,27,10,"148,200,000.00"
2460,Lotto,14/10/2023,21,13,38,26,25,"168,000,000.00"
2461,Lotto,16/10/2023,40,18,0,33,35,"181,400,000.00"
2462,Lotto,18/10/2023,15,12,7,0,20,"197,300,000.00"
2463,Lotto,21/10/2023,25,30,9,16,3,"50,000,000.00"
2464,Lotto,23/10/2023,7,13,3,8,1,"59,800,000.00"
2465,Lotto,25/10/2023,0,10,17,19,32,"70,600,000.00"
2466,Lotto,28/10/2023,16,29,33,5,30,"85,900,000.00"
2467,Lotto,30/10/2023,22,28,12,0,14,"96,400,000.00"
2468,Lotto,01/11/2023,20,13,26,24,1,"109,500,000.00"
2469,Lotto,04/11/2023,19,25,33,35,22,"126,000,000.00"
2470,Lotto,06/11/2023,8,40,21,22,35,"137,000,000.00"
2471,Lotto,08/11/2023,14,31,37,23,36,"150,400,000.00"
2472,Lotto,11/11/2023,32,4,25,0,33,"166,100,000.00"
2473,Lotto,13/11/2023,32,1,17,30,24,"177,300,000.00"
2474,Lotto,15/11/2023,8,34,14,25,21,"191,200,000.00"
2475,Lotto,18/11/2023,2,20,25,13,28,"208,000,000.00"
2476,Lotto,20/11/2023,29,38,10,27,31,"220,200,000.00"
2477,Lotto,22/11/2023,21,14,36,25,28,"235,100,000.00"
2478,Lotto,25/11/2023,2,4,16,12,30,"253,200,000.00"
2479,Lotto,27/11/2023,12,36,16,3,15,"266,600,000.00"
2480,Lotto,29/11/2023,8,22,14,35,19,"50,000,000.00"
2481,Lotto,02/12/2023,19,0,22,21,36,"66,200,000.00"
2482,Lotto,04/12/2023,39,15,21,27,30,"77,400,000.00"
2483,Lotto,06/12/2023,40,21,34,28,16,"90,900,000.00"
2484,Lotto,09/12/2023,18,8,31,26,14,"107,200,000.00"
2485,Lotto,11/12/2023,26,19,24,27,4,"118,100,000.00"
2486,Lotto,13/12/2023,33,13,37,4,36,"130,300,000.00"
2487,Lotto,16/12/2023,11,38,19,26,27,"145,100,000.00"
2488,Lotto,18/12/2023,22,18,5,33,2,"155,600,000.00"
2489,Lotto,20/12/2023,29,1,6,20,16,"50,000,000.00"
2490,Lotto,23/12/2023,19,20,40,7,14,"62,400,000.00"
Sorteo,Tipo Lotería,Fecha,No 1,No 2,No 3,No 4,No 5,Acumulado
2491,Lotto,27/12/2023,24,36,17,25,1,"73,300,000.00"
2492,Lotto,30/12/2023,25,20,17,14,37,"86,100,000.00"
2493,Lotto,03/01/2024,13,30,20,26,31,"98,100,000.00"
2494,Lotto,06/01/2024,19,35,4,26,6,"112,000,000.00"
2495,Lotto,08/01/2024,10,20,4,13,15,"122,200,000.00"
2496,Lotto,10/01/2024,21,27,35,20,11,"134,800,000.00"
2497,Lotto,13/01/2024,0,4,34,19,22,"150,400,000.00"
2498,Lotto,15/01/2024,29,32,17,19,37,"161,800,000.00"
2499,Lotto,17/01/2024,9,37,8,15,24,"175,300,000.00"
2500,Lotto,20/01/2024,8,30,35,2,14,"191,900,000.00"
2501,Lotto,22/01/2024,7,5,6,2,40,"204,200,000.00"
2502,Lotto,24/01/2024,35,5,30,6,7,"219,100,000.00"
2503,Lotto,27/01/2024,40,10,25,1,34,"50,000,000.00"
2504,Lotto,29/01/2024,33,11,37,36,1,"59,000,000.00"
2505,Lotto,31/01/2024,30,10,13,23,8,"71,000,000.00"
2506,Lotto,03/02/2024,4,31,14,35,12,"85,800,000.00"
2507,Lotto,05/02/2024,11,39,16,25,2,"96,100,000.00"
2508,Lotto,07/02/2024,10,11,23,6,34,"108,300,000.00"
2509,Lotto,10/02/2024,6,29,16,13,31,"50,000,000.00"
2510,Lotto,12/02/2024,31,26,30,7,32,"58,400,000.00"
2511,Lotto,14/02/2024,28,40,22,34,24,"68,500,000.00"
2512,Lotto,17/02/2024,19,0,4,37,6,"50,000,000.00"
2513,Lotto,19/02/2024,8,30,14,12,10,"58,200,000.00"
2514,Lotto,21/02/2024,14,18,20,8,25,"68,300,000.00"
2515,Lotto,24/02/2024,3,37,17,39,9,"50,000,000.00"
2516,Lotto,26/02/2024,31,29,16,37,7,"58,100,000.00"
2517,Lotto,28/02/2024,14,25,23,11,12,"67,900,000.00"
2518,Lotto,02/03/2024,37,9,34,20,33,"81,600,000.00"
2519,Lotto,04/03/2024,5,39,4,30,37,"91,100,000.00"
2520,Lotto,06/03/2024,34,5,3,38,8,"102,400,000.00"
2521,Lotto,09/03/2024,2,14,15,24,36,"50,000,000.00"
2522,Lotto,11/03/2024,22,11,26,6,24,"58,300,000.00"
2523,Lotto,13/03/2024,35,13,16,39,23,"68,300,000.00"
2524,Lotto,16/03/2024,8,11,32,23,0,"81,300,000.00"
2525,Lotto,18/03/2024,27,2,18,33,9,"90,600,000.00"
2526,Lotto,20/03/2024,5,25,23,24,22,"102,100,000.00"
2527,Lotto,23/03/2024,32,24,19,26,23,"115,900,000.00"
2528,Lotto,25/03/2024,25,40,7,2,21,"125,400,000.00"
2529,Lotto,27/03/2024,33,11,16,8,37,"136,600,000.00"
2530,Lotto,01/04/2024,16,0,40,29,13,"148,900,000.00"
2531,Lotto,03/04/2024,17,21,32,36,33,"163,200,000.00"
Sorteo,Tipo Lotería,Fecha,No 1,No 2,No 3,No 4,No 5,Acumulado
2532,Lotto,06/04/2024,38,12,16,31,14,"179,100,000.00"
2533,Lotto,08/04/2024,36,11,15,7,26,"191,000,000.00"
2534,Lotto,10/04/2024,8,18,5,23,37,"205,100,000.00"
2535,Lotto,13/04/2024,1,23,39,37,24,"223,200,000.00"
2536,Lotto,15/04/2024,25,10,13,14,22,"50,000,000.00"
2537,Lotto,17/04/2024,38,16,8,28,14,"60,600,000.00"
2538,Lotto,20/04/2024,8,0,23,38,20,"73,500,000.00"
2539,Lotto,22/04/2024,31,20,30,19,21,"83,100,000.00"
2540,Lotto,24/04/2024,10,3,6,7,35,"94,100,000.00"
2541,Lotto,27/04/2024,16,14,6,38,13,"108,000,000.00"
2542,Lotto,29/04/2024,22,27,24,12,9,"118,400,000.00"
2543,Lotto,01/05/2024,30,9,12,40,21,"50,000,000.00"
2544,Lotto,04/05/2024,38,1,40,17,2,"63,600,000.00"
2545,Lotto,06/05/2024,2,6,12,35,31,"72,800,000.00"
2546,Lotto,08/05/2024,20,33,31,6,25,"83,800,000.00"
2547,Lotto,11/05/2024,14,24,34,29,30,"96,500,000.00"
2548,Lotto,13/05/2024,28,7,20,40,30,"106,100,000.00"
2549,Lotto,15/05/2024,10,13,22,19,5,"117,700,000.00"
2550,Lotto,18/05/2024,27,2,19,4,18,"133,100,000.00"
2551,Lotto,20/05/2024,6,4,1,27,40,"144,200,000.00"
2552,Lotto,22/05/2024,34,20,8,28,10,"157,100,000.00"
2553,Lotto,25/05/2024,2,21,15,27,39,"172,300,000.00"
2554,Lotto,27/05/2024,12,25,33,6,10,"183,500,000.00"
2555,Lotto,29/05/2024,2,32,34,22,11,"50,000,000.00"
2556,Lotto,01/06/2024,36,10,33,22,11,"64,200,000.00"
2557,Lotto,03/06/2024,34,33,12,23,2,"74,200,000.00"
2558,Lotto,05/06/2024,14,28,31,29,37,"85,700,000.00"
2559,Lotto,08/06/2024,22,37,6,21,26,"99,400,000.00"
2560,Lotto,10/06/2024,13,11,8,23,39,"109,600,000.00"
2561,Lotto,12/06/2024,23,30,12,39,18,"122,200,000.00"
2562,Lotto,15/06/2024,5,36,1,9,40,"137,400,000.00"
2563,Lotto,17/06/2024,27,6,12,10,34,"149,500,000.00"
2564,Lotto,19/06/2024,21,7,5,13,36,"163,300,000.00"
2565,Lotto,22/06/2024,22,35,17,15,16,"180,300,000.00"
2566,Lotto,24/06/2024,15,30,7,33,6,"50,000,000.00"
2567,Lotto,26/06/2024,34,37,32,40,24,"61,600,000.00"
2568,Lotto,29/06/2024,9,35,34,16,24,"77,300,000.00"
2569,Lotto,01/07/2024,36,5,31,30,28,"89,500,000.00"
2570,Lotto,03/07/2024,34,2,32,7,35,"102,400,000.00"
2571,Lotto,06/07/2024,0,24,8,20,17,"118,900,000.00"
2572,Lotto,08/07/2024,33,10,39,26,0,"132,300,000.00"
Sorteo,Tipo Lotería,Fecha,No 1,No 2,No 3,No 4,No 5,Acumulado
1897,Lotto Revancha,23/01/2019,24,3,25,6,37,"21,000,000.00"
1898,Lotto Revancha,26/01/2019,22,27,24,16,37,"22,000,000.00"
1899,Lotto Revancha,30/01/2019,25,26,40,24,6,"23,000,000.00"
1900,Lotto Revancha,02/02/2019,4,19,40,14,36,"32,400,000.00"
1901,Lotto Revancha,06/02/2019,18,37,19,14,9,"42,800,000.00"
1902,Lotto Revancha,09/02/2019,29,6,34,1,16,"51,200,000.00"
1903,Lotto Revancha,13/02/2019,32,15,20,40,39,"59,500,000.00"
1904,Lotto Revancha,16/02/2019,13,18,26,7,31,"20,000,000.00"
1905,Lotto Revancha,20/02/2019,23,22,17,2,15,"21,000,000.00"
1906,Lotto Revancha,23/02/2019,29,6,2,19,30,"30,400,000.00"
1907,Lotto Revancha,27/02/2019,35,2,21,8,4,"40,400,000.00"
1908,Lotto Revancha,02/03/2019,27,36,26,4,1,"53,300,000.00"
1909,Lotto Revancha,06/03/2019,26,33,18,30,19,"66,600,000.00"
1910,Lotto Revancha,09/03/2019,35,29,7,21,4,"81,800,000.00"
1911,Lotto Revancha,13/03/2019,22,15,5,33,24,"97,900,000.00"
1912,Lotto Revancha,16/03/2019,34,5,18,32,28,"117,400,000.00"
1913,Lotto Revancha,20/03/2019,8,29,5,20,13,"20,000,000.00"
1914,Lotto Revancha,23/03/2019,21,1,35,17,22,"21,000,000.00"
1915,Lotto Revancha,27/03/2019,19,8,37,22,26,"22,000,000.00"
1916,Lotto Revancha,30/03/2019,39,40,2,18,29,"32,100,000.00"
1917,Lotto Revancha,03/04/2019,4,38,5,1,28,"20,000,000.00"
1918,Lotto Revancha,06/04/2019,3,21,0,39,2,"21,000,000.00"
1919,Lotto Revancha,10/04/2019,24,17,14,39,18,"29,200,000.00"
1920,Lotto Revancha,13/04/2019,3,17,15,39,5,"38,800,000.00"
1921,Lotto Revancha,17/04/2019,32,2,27,36,37,"45,400,000.00"
1922,Lotto Revancha,24/04/2019,30,8,15,14,27,"53,800,000.00"
1923,Lotto Revancha,27/04/2019,14,34,2,16,30,"62,900,000.00"
1924,Lotto Revancha,01/05/2019,8,2,17,35,15,"71,100,000.00"
1925,Lotto Revancha,04/05/2019,33,0,7,1,5,"82,200,000.00"
1926,Lotto Revancha,08/05/2019,36,28,0,34,38,"92,600,000.00"
1927,Lotto Revancha,11/05/2019,39,6,7,27,20,"104,600,000.00"
1928,Lotto Revancha,15/05/2019,34,36,9,10,21,"116,800,000.00"
1929,Lotto Revancha,18/05/2019,33,35,7,16,26,"130,100,000.00"
1930,Lotto Revancha,22/05/2019,13,24,1,32,28,"140,000,000.00"
1931,Lotto Revancha,25/05/2019,8,24,25,16,39,"150,200,000.00"
1932,Lotto Revancha,29/05/2019,7,29,20,31,5,"160,500,000.00"
1933,Lotto Revancha,01/06/2019,20,6,21,36,14,"172,900,000.00"
1934,Lotto Revancha,05/06/2019,19,40,5,12,33,"184,500,000.00"
1935,Lotto Revancha,08/06/2019,32,10,18,9,17,"195,400,000.00"
1936,Lotto Revancha,12/06/2019,40,3,10,25,31,"205,900,000.00"
1937,Lotto Revancha,15/06/2019,22,24,10,17,23,"218,400,000.00"
Sorteo,Tipo Lotería,Fecha,No 1,No 2,No 3,No 4,No 5,Acumulado
1938,Lotto Revancha,19/06/2019,14,6,8,21,27,"230,600,000.00"
1939,Lotto Revancha,22/06/2019,28,25,11,22,32,"244,000,000.00"
1940,Lotto Revancha,26/06/2019,19,24,12,18,6,"256,900,000.00"
1941,Lotto Revancha,29/06/2019,38,17,13,27,40,"272,300,000.00"
1942,Lotto Revancha,03/07/2019,12,7,5,28,39,"20,000,000.00"
1943,Lotto Revancha,06/07/2019,13,29,39,2,1,"21,000,000.00"
1944,Lotto Revancha,10/07/2019,34,23,32,35,12,"29,100,000.00"
1945,Lotto Revancha,13/07/2019,36,17,39,0,11,"38,800,000.00"
1946,Lotto Revancha,17/07/2019,4,25,9,23,40,"47,500,000.00"
1947,Lotto Revancha,20/07/2019,30,31,8,2,18,"56,700,000.00"
1948,Lotto Revancha,24/07/2019,35,21,24,6,8,"65,500,000.00"
1949,Lotto Revancha,27/07/2019,34,14,4,3,37,"74,100,000.00"
1950,Lotto Revancha,31/07/2019,12,11,25,30,23,"20,000,000.00"
1951,Lotto Revancha,03/08/2019,12,5,6,16,13,"21,000,000.00"
1952,Lotto Revancha,07/08/2019,27,0,23,34,32,"29,400,000.00"
1953,Lotto Revancha,10/08/2019,8,2,38,28,25,"38,800,000.00"
1954,Lotto Revancha,14/08/2019,11,38,22,14,35,"46,000,000.00"
1955,Lotto Revancha,17/08/2019,31,6,34,23,4,"20,000,000.00"
1956,Lotto Revancha,21/08/2019,23,28,11,34,14,"21,000,000.00"
1957,Lotto Revancha,24/08/2019,28,1,4,7,24,"22,000,000.00"
1958,Lotto Revancha,28/08/2019,4,36,35,13,24,"20,000,000.00"
1959,Lotto Revancha,31/08/2019,19,40,6,36,31,"21,000,000.00"
1960,Lotto Revancha,04/09/2019,1,15,35,21,23,"22,000,000.00"
1961,Lotto Revancha,07/09/2019,31,9,3,28,21,"30,100,000.00"
1962,Lotto Revancha,11/09/2019,34,3,18,21,8,"31,100,000.00"
1963,Lotto Revancha,14/09/2019,31,15,4,40,26,"39,100,000.00"
1964,Lotto Revancha,18/09/2019,38,24,16,29,31,"46,600,000.00"
1965,Lotto Revancha,21/09/2019,20,29,28,34,2,"54,700,000.00"
1966,Lotto Revancha,25/09/2019,22,34,5,11,17,"62,400,000.00"
1967,Lotto Revancha,28/09/2019,32,8,33,10,19,"71,200,000.00"
1968,Lotto Revancha,02/10/2019,20,30,6,25,9,"20,000,000.00"
1969,Lotto Revancha,05/10/2019,34,5,20,2,28,"21,000,000.00"
1970,Lotto Revancha,09/10/2019,15,19,17,6,27,"22,000,000.00"
1971,Lotto Revancha,12/10/2019,18,13,37,17,14,"28,900,000.00"
1972,Lotto Revancha,16/10/2019,0,40,13,4,3,"36,000,000.00"
1973,Lotto Revancha,19/10/2019,38,20,34,18,23,"43,700,000.00"
1974,Lotto Revancha,23/10/2019,17,21,6,27,11,"49,500,000.00"
1975,Lotto Revancha,26/10/2019,8,33,37,26,39,"55,800,000.00"
1976,Lotto Revancha,30/10/2019,2,37,32,4,28,"62,100,000.00"
1977,Lotto Revancha,02/11/2019,11,19,6,17,38,"69,800,000.00"
1978,Lotto Revancha,06/11/2019,39,0,16,21,1,"76,900,000.00"
Sorteo,Tipo Lotería,Fecha,No 1,No 2,No 3,No 4,No 5,Acumulado
1979,Lotto Revancha,09/11/2019,17,18,29,0,37,"84,800,000.00"
1980,Lotto Revancha,13/11/2019,31,39,25,14,32,"20,000,000.00"
1981,Lotto Revancha,16/11/2019,5,35,21,14,25,"21,000,000.00"
1982,Lotto Revancha,20/11/2019,15,28,22,13,27,"28,000,000.00"
1983,Lotto Revancha,23/11/2019,35,14,31,4,28,"29,000,000.00"
1984,Lotto Revancha,27/11/2019,29,8,1,0,40,"34,400,000.00"
1985,Lotto Revancha,30/11/2019,5,38,3,9,4,"40,900,000.00"
1986,Lotto Revancha,04/12/2019,27,12,37,29,36,"47,400,000.00"
1987,Lotto Revancha,07/12/2019,36,19,0,22,14,"54,600,000.00"
1988,Lotto Revancha,11/12/2019,30,21,20,32,5,"20,000,000.00"
1989,Lotto Revancha,14/12/2019,26,0,20,9,11,"21,000,000.00"
1990,Lotto Revancha,18/12/2019,37,29,36,39,22,"27,700,000.00"
1991,Lotto Revancha,21/12/2019,40,3,32,20,19,"33,200,000.00"
1992,Lotto Revancha,28/12/2019,35,28,12,39,40,"20,000,000.00"
1993,Lotto Revancha,04/01/2020,2,0,23,33,37,"21,000,000.00"
1994,Lotto Revancha,08/01/2020,16,7,40,15,19,"22,000,000.00"
1995,Lotto Revancha,11/01/2020,10,0,22,13,26,"23,000,000.00"
1996,Lotto Revancha,15/01/2020,13,15,30,38,11,"28,900,000.00"
1997,Lotto Revancha,18/01/2020,31,26,3,13,20,"35,900,000.00"
1998,Lotto Revancha,22/01/2020,10,0,38,19,1,"42,800,000.00"
1999,Lotto Revancha,25/01/2020,11,26,17,18,14,"50,500,000.00"
2000,Lotto Revancha,29/01/2020,2,30,18,20,25,"58,600,000.00"
2001,Lotto Revancha,01/02/2020,35,5,23,10,32,"68,400,000.00"
2002,Lotto Revancha,05/02/2020,33,18,20,13,37,"78,400,000.00"
2003,Lotto Revancha,08/02/2020,13,33,8,30,6,"89,500,000.00"
2004,Lotto Revancha,12/02/2020,20,24,13,4,6,"90,500,000.00"
2005,Lotto Revancha,15/02/2020,34,33,23,24,17,"97,700,000.00"
2006,Lotto Revancha,19/02/2020,17,5,4,28,16,"104,600,000.00"
2007,Lotto Revancha,22/02/2020,40,27,9,15,18,"111,800,000.00"
2008,Lotto Revancha,26/02/2020,10,2,34,12,11,"118,700,000.00"
2009,Lotto Revancha,29/02/2020,23,21,33,35,24,"127,100,000.00"
2010,Lotto Revancha,04/03/2020,29,22,4,35,27,"135,200,000.00"
2011,Lotto Revancha,07/03/2020,24,4,19,10,12,"144,200,000.00"
2012,Lotto Revancha,11/03/2020,5,12,27,1,38,"20,000,000.00"
2013,Lotto Revancha,14/03/2020,38,16,25,34,35,"21,000,000.00"
2014,Lotto Revancha,18/03/2020,8,39,27,9,5,"22,000,000.00"
2015,Lotto Revancha,21/03/2020,4,34,0,9,26,"27,600,000.00"
2016,Lotto Revancha,25/03/2020,31,15,28,7,11,"31,000,000.00"
2017,Lotto Revancha,28/03/2020,6,36,13,10,22,"35,500,000.00"
2018,Lotto Revancha,01/04/2020,21,38,34,33,7,"40,100,000.00"
2019,Lotto Revancha,04/04/2020,13,34,22,26,40,"43,800,000.00"
Sorteo,Tipo Lotería,Fecha,No 1,No 2,No 3,No 4,No 5,Acumulado
2020,Lotto Revancha,08/04/2020,11,6,23,13,18,"46,600,000.00"
2021,Lotto Revancha,15/04/2020,19,12,15,18,33,"51,800,000.00"
2022,Lotto Revancha,18/04/2020,37,3,2,38,6,"57,000,000.00"
2023,Lotto Revancha,22/04/2020,20,33,18,22,25,"63,200,000.00"
2024,Lotto Revancha,25/04/2020,36,26,34,14,39,"69,400,000.00"
2025,Lotto Revancha,29/04/2020,12,26,4,39,32,"76,800,000.00"
2026,Lotto Revancha,02/05/2020,32,14,18,1,9,"84,400,000.00"
2027,Lotto Revancha,06/05/2020,33,25,18,17,16,"92,700,000.00"
2028,Lotto Revancha,09/05/2020,2,4,3,17,15,"101,500,000.00"
2029,Lotto Revancha,13/05/2020,19,40,29,39,37,"112,000,000.00"
2030,Lotto Revancha,16/05/2020,25,13,8,27,38,"123,200,000.00"
2031,Lotto Revancha,20/05/2020,11,7,3,2,18,"135,400,000.00"
2032,Lotto Revancha,23/05/2020,18,10,32,23,4,"143,700,000.00"
2033,Lotto Revancha,27/05/2020,33,12,5,37,31,"20,000,000.00"
2034,Lotto Revancha,30/05/2020,8,35,5,26,34,"21,000,000.00"
2035,Lotto Revancha,03/06/2020,39,19,36,26,28,"22,000,000.00"
2036,Lotto Revancha,06/06/2020,17,16,23,5,19,"29,200,000.00"
2037,Lotto Revancha,10/06/2020,27,20,8,12,4,"36,500,000.00"
2038,Lotto Revancha,13/06/2020,19,34,16,8,37,"44,000,000.00"
2039,Lotto Revancha,17/06/2020,5,9,29,28,0,"20,000,000.00"
2040,Lotto Revancha,20/06/2020,12,9,19,31,4,"21,000,000.00"
2041,Lotto Revancha,24/06/2020,0,22,40,5,14,"22,000,000.00"
2042,Lotto Revancha,27/06/2020,27,5,29,17,20,"28,400,000.00"
2043,Lotto Revancha,01/07/2020,1,31,34,3,30,"34,900,000.00"
2044,Lotto Revancha,04/07/2020,5,15,33,32,14,"41,000,000.00"
2045,Lotto Revancha,08/07/2020,40,22,30,19,5,"46,800,000.00"
2046,Lotto Revancha,11/07/2020,19,25,13,34,35,"52,400,000.00"
2047,Lotto Revancha,15/07/2020,4,37,8,38,3,"57,300,000.00"
2048,Lotto Revancha,18/07/2020,33,10,25,28,11,"63,600,000.00"
2049,Lotto Revancha,22/07/2020,13,15,23,34,36,"70,000,000.00"
2050,Lotto Revancha,25/07/2020,15,30,17,21,40,"76,900,000.00"
2051,Lotto Revancha,29/07/2020,34,24,1,4,16,"20,000,000.00"
2052,Lotto Revancha,01/08/2020,16,14,30,13,22,"21,000,000.00"
2053,Lotto Revancha,05/08/2020,30,27,16,40,3,"22,000,000.00"
2054,Lotto Revancha,08/08/2020,26,29,27,39,5,"30,200,000.00"
2055,Lotto Revancha,12/08/2020,0,15,13,19,32,"38,500,000.00"
2056,Lotto Revancha,19/08/2020,14,17,36,30,0,"49,600,000.00"
2057,Lotto Revancha,22/08/2020,22,21,31,15,2,"60,400,000.00"
2058,Lotto Revancha,26/08/2020,21,3,28,8,22,"20,000,000.00"
2059,Lotto Revancha,29/08/2020,17,25,37,13,36,"32,800,000.00"
2060,Lotto Revancha,02/09/2020,11,24,30,35,7,"33,800,000.00"
Sorteo,Tipo Lotería,Fecha,No 1,No 2,No 3,No 4,No 5,Acumulado
2061,Lotto Revancha,05/09/2020,25,21,38,24,18,"40,500,000.00"
2062,Lotto Revancha,09/09/2020,21,6,28,19,24,"47,000,000.00"
2063,Lotto Revancha,12/09/2020,16,3,0,4,10,"54,400,000.00"
2064,Lotto Revancha,16/09/2020,28,26,29,19,10,"61,900,000.00"
2065,Lotto Revancha,19/09/2020,26,22,33,27,30,"70,400,000.00"
2066,Lotto Revancha,23/09/2020,22,0,23,4,37,"78,100,000.00"
2067,Lotto Revancha,26/09/2020,26,18,25,30,1,"87,000,000.00"
2068,Lotto Revancha,30/09/2020,27,2,12,17,35,"95,500,000.00"
2069,Lotto Revancha,03/10/2020,36,12,21,1,32,"105,500,000.00"
2070,Lotto Revancha,07/10/2020,38,11,12,40,33,"112,800,000.00"
2071,Lotto Revancha,10/10/2020,2,1,9,15,29,"121,500,000.00"
2072,Lotto Revancha,14/10/2020,4,9,37,20,13,"129,600,000.00"
2073,Lotto Revancha,17/10/2020,21,1,22,11,2,"139,700,000.00"
2074,Lotto Revancha,21/10/2020,38,39,26,1,23,"20,000,000.00"
2075,Lotto Revancha,24/10/2020,12,28,27,13,38,"21,000,000.00"
2076,Lotto Revancha,28/10/2020,4,10,18,9,5,"28,700,000.00"
2077,Lotto Revancha,31/10/2020,37,20,26,6,15,"38,000,000.00"
2078,Lotto Revancha,04/11/2020,29,7,19,11,2,"44,400,000.00"
2079,Lotto Revancha,07/11/2020,7,36,37,14,15,"51,900,000.00"
2080,Lotto Revancha,11/11/2020,24,30,36,22,20,"58,800,000.00"
2081,Lotto Revancha,14/11/2020,35,25,32,40,9,"66,600,000.00"
2082,Lotto Revancha,18/11/2020,40,36,39,0,8,"74,100,000.00"
2083,Lotto Revancha,21/11/2020,3,22,34,5,0,"82,300,000.00"
2084,Lotto Revancha,25/11/2020,0,11,40,34,12,"88,700,000.00"
2085,Lotto Revancha,28/11/2020,17,35,24,27,21,"96,200,000.00"
2086,Lotto Revancha,02/12/2020,20,35,24,26,30,"103,200,000.00"
2087,Lotto Revancha,05/12/2020,1,23,8,18,27,"112,200,000.00"
2088,Lotto Revancha,09/12/2020,7,9,30,16,25,"120,500,000.00"
2089,Lotto Revancha,12/12/2020,26,15,17,5,12,"20,000,000.00"
2090,Lotto Revancha,16/12/2020,38,37,28,14,36,"21,000,000.00"
2091,Lotto Revancha,19/12/2020,29,23,2,33,3,"28,900,000.00"
2092,Lotto Revancha,23/12/2020,38,35,37,30,24,"34,800,000.00"
2093,Lotto Revancha,26/12/2020,2,9,17,33,22,"35,800,000.00"
2094,Lotto Revancha,30/12/2020,1,2,11,39,18,"42,200,000.00"
2095,Lotto Revancha,02/01/2021,37,2,34,19,23,"47,500,000.00"
2096,Lotto Revancha,06/01/2021,10,31,1,3,38,"54,800,000.00"
2097,Lotto Revancha,09/01/2021,25,8,15,17,27,"62,700,000.00"
2098,Lotto Revancha,13/01/2021,5,38,26,39,2,"70,700,000.00"
2099,Lotto Revancha,16/01/2021,26,21,38,22,33,"79,800,000.00"
2100,Lotto Revancha,20/01/2021,11,4,32,7,15,"20,000,000.00"
2101,Lotto Revancha,23/01/2021,30,12,31,24,40,"21,000,000.00"
Sorteo,Tipo Lotería,Fecha,No 1,No 2,No 3,No 4,No 5,Acumulado
2102,Lotto Revancha,27/01/2021,21,34,27,40,28,"30,200,000.00"
2103,Lotto Revancha,30/01/2021,16,27,22,40,6,"41,200,000.00"
2104,Lotto Revancha,03/02/2021,32,26,17,15,1,"20,000,000.00"
2105,Lotto Revancha,06/02/2021,30,25,22,17,6,"32,500,000.00"
2106,Lotto Revancha,10/02/2021,33,7,29,36,5,"45,200,000.00"
2107,Lotto Revancha,13/02/2021,17,27,9,16,21,"60,200,000.00"
2108,Lotto Revancha,17/02/2021,10,14,8,23,11,"81,400,000.00"
2109,Lotto Revancha,20/02/2021,6,9,30,8,19,"20,000,000.00"
2110,Lotto Revancha,24/02/2021,5,21,26,19,0,"20,000,000.00"
2111,Lotto Revancha,27/02/2021,0,17,30,3,21,"29,900,000.00"
2112,Lotto Revancha,03/03/2021,36,9,6,4,32,"40,100,000.00"
2113,Lotto Revancha,06/03/2021,12,18,36,17,4,"51,200,000.00"
2114,Lotto Revancha,10/03/2021,31,8,9,2,37,"20,000,000.00"
2115,Lotto Revancha,13/03/2021,14,8,20,17,23,"21,000,000.00"
2116,Lotto Revancha,17/03/2021,17,30,16,38,9,"30,000,000.00"
2117,Lotto Revancha,20/03/2021,27,32,6,11,17,"40,100,000.00"
2118,Lotto Revancha,24/03/2021,10,18,20,27,0,"49,600,000.00"
2119,Lotto Revancha,27/03/2021,25,7,32,17,36,"60,400,000.00"
2120,Lotto Revancha,31/03/2021,27,13,3,23,21,"70,600,000.00"
2121,Lotto Revancha,07/04/2021,40,17,36,16,3,"82,900,000.00"
2122,Lotto Revancha,10/04/2021,4,36,6,22,29,"95,900,000.00"
2123,Lotto Revancha,14/04/2021,11,18,5,4,10,"96,900,000.00"
2124,Lotto Revancha,17/04/2021,13,40,2,14,0,"107,300,000.00"
2125,Lotto Revancha,21/04/2021,1,9,2,35,13,"118,100,000.00"
2126,Lotto Revancha,24/04/2021,36,29,25,16,32,"130,000,000.00"
2127,Lotto Revancha,28/04/2021,6,27,0,26,8,"20,000,000.00"
2128,Lotto Revancha,01/05/2021,15,36,28,18,21,"20,000,000.00"
2129,Lotto Revancha,05/05/2021,25,34,40,37,2,"21,000,000.00"
2130,Lotto Revancha,08/05/2021,4,27,24,37,26,"30,600,000.00"
2131,Lotto Revancha,12/05/2021,37,14,1,5,6,"39,700,000.00"
2132,Lotto Revancha,15/05/2021,4,12,9,15,5,"40,700,000.00"
2133,Lotto Revancha,19/05/2021,10,34,19,9,14,"50,800,000.00"
2134,Lotto Revancha,22/05/2021,7,28,0,21,5,"20,000,000.00"
2135,Lotto Revancha,26/05/2021,4,1,28,8,32,"21,000,000.00"
2136,Lotto Revancha,29/05/2021,19,37,0,26,25,"30,100,000.00"
2137,Lotto Revancha,02/06/2021,1,6,28,29,36,"38,900,000.00"
2138,Lotto Revancha,05/06/2021,31,36,9,27,12,"154,400,000.00"
2139,Lotto Revancha,09/06/2021,26,30,16,14,38,"55,100,000.00"
2140,Lotto Revancha,12/06/2021,12,25,37,16,22,"63,500,000.00"
2141,Lotto Revancha,16/06/2021,15,16,17,12,37,"72,100,000.00"
2142,Lotto Revancha,19/06/2021,40,2,21,32,14,"81,700,000.00"
Sorteo,Tipo Lotería,Fecha,No 1,No 2,No 3,No 4,No 5,Acumulado
2143,Lotto Revancha,23/06/2021,29,8,31,7,11,"90,800,000.00"
2144,Lotto Revancha,26/06/2021,24,8,35,36,27,"100,600,000.00"
2145,Lotto Revancha,30/06/2021,32,7,21,23,5,"111,400,000.00"
2146,Lotto Revancha,03/07/2021,35,17,30,20,9,"123,800,000.00"
2147,Lotto Revancha,07/07/2021,3,40,11,38,16,"136,900,000.00"
2148,Lotto Revancha,10/07/2021,3,34,26,25,0,"151,500,000.00"
2149,Lotto Revancha,14/07/2021,13,28,40,23,8,"162,400,000.00"
2150,Lotto Revancha,17/07/2021,13,33,34,35,24,"174,900,000.00"
2151,Lotto Revancha,21/07/2021,14,34,27,31,36,"186,300,000.00"
2152,Lotto Revancha,24/07/2021,28,0,22,6,31,"198,800,000.00"
2153,Lotto Revancha,28/07/2021,30,7,5,22,39,"211,000,000.00"
2154,Lotto Revancha,31/07/2021,33,32,31,9,1,"224,800,000.00"
2155,Lotto Revancha,04/08/2021,12,16,2,3,14,"237,400,000.00"
2156,Lotto Revancha,07/08/2021,8,22,30,7,11,"251,800,000.00"
2157,Lotto Revancha,11/08/2021,27,40,37,28,6,"265,300,000.00"
2158,Lotto Revancha,14/08/2021,33,29,13,16,14,"281,000,000.00"
2159,Lotto Revancha,18/08/2021,39,37,27,30,34,"297,000,000.00"
2160,Lotto Revancha,21/08/2021,21,32,12,26,5,"314,700,000.00"
2161,Lotto Revancha,25/08/2021,9,22,2,37,33,"331,500,000.00"
2162,Lotto Revancha,28/08/2021,25,11,35,29,24,"20,000,000.00"
2163,Lotto Revancha,01/09/2021,26,12,27,32,39,"29,900,000.00"
2164,Lotto Revancha,04/09/2021,16,2,30,1,17,"40,600,000.00"
2165,Lotto Revancha,08/09/2021,22,8,12,7,31,"50,100,000.00"
2166,Lotto Revancha,11/09/2021,0,5,36,37,17,"60,900,000.00"
2167,Lotto Revancha,15/09/2021,5,16,1,38,0,"68,500,000.00"
2168,Lotto Revancha,18/09/2021,9,31,15,12,16,"78,000,000.00"
2169,Lotto Revancha,22/09/2021,21,29,10,12,4,"86,600,000.00"
2170,Lotto Revancha,25/09/2021,5,30,20,40,19,"96,600,000.00"
2171,Lotto Revancha,29/09/2021,25,0,31,4,39,"106,300,000.00"
2172,Lotto Revancha,02/10/2021,31,3,24,11,39,"118,400,000.00"
2173,Lotto Revancha,06/10/2021,32,38,6,14,39,"129,800,000.00"
2174,Lotto Revancha,09/10/2021,15,2,1,40,23,"142,700,000.00"
2175,Lotto Revancha,13/10/2021,19,35,32,28,39,"154,800,000.00"
2176,Lotto Revancha,16/10/2021,23,28,32,38,35,"20,000,000.00"
2177,Lotto Revancha,20/10/2021,22,0,36,27,1,"31,600,000.00"
2178,Lotto Revancha,23/10/2021,30,36,4,1,28,"20,000,000.00"
2179,Lotto Revancha,27/10/2021,40,24,20,5,2,"27,900,000.00"
2180,Lotto Revancha,30/10/2021,3,6,4,13,10,"20,000,000.00"
2181,Lotto Revancha,03/11/2021,10,31,39,3,18,"21,000,000.00"
2182,Lotto Revancha,06/11/2021,37,18,4,34,15,"30,500,000.00"
2183,Lotto Revancha,10/11/2021,10,27,14,33,32,"39,000,000.00"
Sorteo,Tipo Lotería,Fecha,No 1,No 2,No 3,No 4,No 5,Acumulado
2184,Lotto Revancha,13/11/2021,13,9,3,19,26,"48,800,000.00"
2185,Lotto Revancha,17/11/2021,27,22,4,5,19,"58,100,000.00"
2186,Lotto Revancha,20/11/2021,14,2,34,3,24,"68,400,000.00"
2187,Lotto Revancha,24/11/2021,29,6,7,2,40,"78,200,000.00"
2188,Lotto Revancha,27/11/2021,21,29,14,31,38,"90,300,000.00"
2189,Lotto Revancha,01/12/2021,37,33,1,24,13,"102,500,000.00"
2190,Lotto Revancha,04/12/2021,38,19,25,35,2,"116,900,000.00"
2191,Lotto Revancha,08/12/2021,30,35,22,31,20,"20,000,000.00"
2192,Lotto Revancha,11/12/2021,25,13,4,34,20,"21,000,000.00"
2193,Lotto Revancha,15/12/2021,36,19,12,31,4,"29,000,000.00"
2194,Lotto Revancha,18/12/2021,19,11,13,7,3,"37,800,000.00"
2195,Lotto Revancha,22/12/2021,37,24,27,39,14,"46,300,000.00"
2196,Lotto Revancha,29/12/2021,21,36,24,0,19,"56,100,000.00"
2197,Lotto Revancha,05/01/2022,35,24,28,34,1,"64,300,000.00"
2198,Lotto Revancha,08/01/2022,29,4,17,8,24,"72,400,000.00"
2199,Lotto Revancha,12/01/2022,7,34,23,40,13,"80,000,000.00"
2200,Lotto Revancha,15/01/2022,15,7,2,33,22,"88,900,000.00"
2201,Lotto Revancha,19/01/2022,30,19,21,10,20,"97,500,000.00"
2202,Lotto Revancha,22/01/2022,40,39,11,16,8,"106,400,000.00"
2203,Lotto Revancha,26/01/2022,0,33,37,6,15,"114,900,000.00"
2204,Lotto Revancha,29/01/2022,14,34,33,15,36,"125,000,000.00"
2205,Lotto Revancha,02/02/2022,32,28,4,35,9,"135,300,000.00"
2206,Lotto Revancha,05/02/2022,0,4,26,9,37,"146,400,000.00"
2207,Lotto Revancha,09/02/2022,8,33,9,7,34,"156,400,000.00"
2208,Lotto Revancha,12/02/2022,9,6,39,25,23,"168,000,000.00"
2209,Lotto Revancha,16/02/2022,2,21,1,10,28,"179,800,000.00"
2210,Lotto Revancha,19/02/2022,3,25,12,33,37,"190,900,000.00"
2211,Lotto Revancha,23/02/2022,12,37,7,14,38,"201,500,000.00"
2212,Lotto Revancha,26/02/2022,33,9,28,23,39,"213,900,000.00"
2213,Lotto Revancha,02/03/2022,7,36,15,37,9,"226,800,000.00"
2214,Lotto Revancha,05/03/2022,1,25,7,29,11,"240,800,000.00"
2215,Lotto Revancha,09/03/2022,33,4,8,5,34,"20,000,000.00"
2216,Lotto Revancha,12/03/2022,28,23,21,18,22,"21,000,000.00"
2217,Lotto Revancha,16/03/2022,12,20,37,13,4,"29,500,000.00"
2218,Lotto Revancha,19/03/2022,31,33,1,34,32,"38,700,000.00"
2219,Lotto Revancha,23/03/2022,32,16,20,21,13,"47,500,000.00"
2220,Lotto Revancha,26/03/2022,2,16,37,1,39,"57,500,000.00"
2221,Lotto Revancha,30/03/2022,19,30,40,6,2,"66,900,000.00"
2222,Lotto Revancha,02/04/2022,28,20,40,3,37,"78,100,000.00"
2223,Lotto Revancha,04/04/2022,33,18,39,6,15,"79,800,000.00"
2224,Lotto Revancha,06/04/2022,22,2,30,20,21,"86,700,000.00"
Sorteo,Tipo Lotería,Fecha,No 1,No 2,No 3,No 4,No 5,Acumulado
2225,Lotto Revancha,09/04/2022,27,12,39,22,21,"95,500,000.00"
2226,Lotto Revancha,11/04/2022,5,13,4,2,11,"98,000,000.00"
2227,Lotto Revancha,13/04/2022,17,20,13,7,24,"104,400,000.00"
2228,Lotto Revancha,18/04/2022,3,35,7,23,22,"109,600,000.00"
2229,Lotto Revancha,20/04/2022,40,0,15,36,27,"117,200,000.00"
2230,Lotto Revancha,23/04/2022,16,13,6,36,29,"126,200,000.00"
2231,Lotto Revancha,25/04/2022,16,39,18,32,8,"129,900,000.00"
2232,Lotto Revancha,27/04/2022,38,28,2,21,24,"137,500,000.00"
2233,Lotto Revancha,30/04/2022,37,22,3,24,27,"147,600,000.00"
2234,Lotto Revancha,02/05/2022,1,29,39,33,0,0.00
2235,Lotto Revancha,04/05/2022,33,2,5,10,26,"161,600,000.00"
2236,Lotto Revancha,07/05/2022,12,9,3,10,22,"173,100,000.00"
2237,Lotto Revancha,09/05/2022,22,8,14,3,9,"179,100,000.00"
2238,Lotto Revancha,11/05/2022,15,40,23,21,36,"189,000,000.00"
2239,Lotto Revancha,14/05/2022,38,6,23,12,9,"201,300,000.00"
2240,Lotto Revancha,16/05/2022,19,32,13,26,9,"207,100,000.00"
2241,Lotto Revancha,18/05/2022,9,37,27,16,14,"20,000,000.00"
2242,Lotto Revancha,21/05/2022,19,2,8,6,40,"21,000,000.00"
2243,Lotto Revancha,23/05/2022,39,21,2,22,19,"20,000,000.00"
2244,Lotto Revancha,25/05/2022,18,22,15,8,6,"21,000,000.00"
2245,Lotto Revancha,28/05/2022,33,20,36,6,25,"22,000,000.00"
2246,Lotto Revancha,30/05/2022,24,25,10,16,38,"23,000,000.00"
2247,Lotto Revancha,01/06/2022,32,33,28,9,5,"30,700,000.00"
2248,Lotto Revancha,04/06/2022,24,34,6,39,38,"40,500,000.00"
2249,Lotto Revancha,06/06/2022,36,10,20,18,37,"45,400,000.00"
2250,Lotto Revancha,08/06/2022,21,35,2,23,39,"53,600,000.00"
2251,Lotto Revancha,11/06/2022,31,3,30,20,9,"63,400,000.00"
2252,Lotto Revancha,13/06/2022,2,1,40,36,5,"69,400,000.00"
2253,Lotto Revancha,15/06/2022,5,21,18,28,10,"78,700,000.00"
2254,Lotto Revancha,18/06/2022,28,24,29,13,14,"91,000,000.00"
2255,Lotto Revancha,20/06/2022,40,33,39,34,11,"95,600,000.00"
2256,Lotto Revancha,22/06/2022,28,35,0,5,27,"20,000,000.00"
2257,Lotto Revancha,25/06/2022,18,31,22,4,28,"21,000,000.00"
2258,Lotto Revancha,27/06/2022,39,27,34,38,25,"22,000,000.00"
2259,Lotto Revancha,29/06/2022,29,2,19,9,25,"28,100,000.00"
2260,Lotto Revancha,02/07/2022,33,4,2,9,40,"35,800,000.00"
2261,Lotto Revancha,04/07/2022,21,16,30,18,9,"36,800,000.00"
2262,Lotto Revancha,06/07/2022,9,4,6,2,23,"42,800,000.00"
2263,Lotto Revancha,09/07/2022,37,8,22,10,26,"50,500,000.00"
2264,Lotto Revancha,11/07/2022,31,13,11,22,14,"51,500,000.00"
2265,Lotto Revancha,13/07/2022,2,20,5,4,22,"57,600,000.00"
Sorteo,Tipo Lotería,Fecha,No 1,No 2,No 3,No 4,No 5,Acumulado
2266,Lotto Revancha,16/07/2022,6,0,40,37,18,"66,800,000.00"
2267,Lotto Revancha,18/07/2022,12,24,19,3,36,"71,900,000.00"
2268,Lotto Revancha,20/07/2022,35,8,20,23,28,"79,400,000.00"
2269,Lotto Revancha,23/07/2022,25,26,35,39,6,"88,500,000.00"
2270,Lotto Revancha,25/07/2022,13,12,27,19,32,"91,900,000.00"
2271,Lotto Revancha,27/07/2022,38,16,15,4,22,"98,100,000.00"
2272,Lotto Revancha,30/07/2022,33,14,8,7,20,"106,900,000.00"
2273,Lotto Revancha,01/08/2022,0,37,35,3,28,"112,100,000.00"
2274,Lotto Revancha,03/08/2022,15,39,11,22,5,"118,700,000.00"
2275,Lotto Revancha,06/08/2022,29,26,11,36,5,"127,900,000.00"
2276,Lotto Revancha,08/08/2022,35,15,16,4,39,"133,500,000.00"
2277,Lotto Revancha,10/08/2022,19,32,37,6,1,"141,500,000.00"
2278,Lotto Revancha,13/08/2022,0,26,5,32,16,"20,000,000.00"
2279,Lotto Revancha,15/08/2022,20,24,15,30,26,"21,000,000.00"
2280,Lotto Revancha,17/08/2022,24,30,15,21,11,"22,000,000.00"
2281,Lotto Revancha,20/08/2022,25,4,9,18,24,"29,500,000.00"
2282,Lotto Revancha,22/08/2022,15,17,31,7,39,"30,500,000.00"
2283,Lotto Revancha,24/08/2022,15,37,32,20,34,"36,600,000.00"
2284,Lotto Revancha,27/08/2022,14,20,16,6,13,"44,700,000.00"
2285,Lotto Revancha,29/08/2022,37,7,9,18,24,"49,400,000.00"
2286,Lotto Revancha,31/08/2022,28,22,31,35,36,"56,800,000.00"
2287,Lotto Revancha,03/09/2022,11,31,32,16,21,"66,200,000.00"
2288,Lotto Revancha,05/09/2022,40,34,32,33,2,"71,600,000.00"
2289,Lotto Revancha,07/09/2022,20,38,13,21,30,"79,300,000.00"
2290,Lotto Revancha,10/09/2022,17,38,16,28,29,"88,500,000.00"
2291,Lotto Revancha,12/09/2022,14,6,40,36,33,"93,000,000.00"
2292,Lotto Revancha,14/09/2022,35,2,1,21,16,"99,000,000.00"
2293,Lotto Revancha,17/09/2022,6,17,37,32,34,"106,700,000.00"
2294,Lotto Revancha,19/09/2022,11,19,1,29,39,"110,600,000.00"
2295,Lotto Revancha,21/09/2022,37,17,33,40,18,"117,300,000.00"
2296,Lotto Revancha,24/09/2022,37,9,39,29,31,"125,700,000.00"
2297,Lotto Revancha,26/09/2022,33,21,0,22,34,"20,000,000.00"
2298,Lotto Revancha,28/09/2022,34,2,40,33,38,"21,000,000.00"
2299,Lotto Revancha,01/10/2022,5,4,2,3,0,"28,800,000.00"
2300,Lotto Revancha,03/10/2022,10,4,20,25,21,"29,800,000.00"
2301,Lotto Revancha,05/10/2022,28,24,17,35,30,"35,800,000.00"
2302,Lotto Revancha,08/10/2022,13,35,7,30,36,"43,400,000.00"
2303,Lotto Revancha,10/10/2022,10,20,6,13,15,"47,700,000.00"
2304,Lotto Revancha,12/10/2022,32,22,38,18,28,"53,600,000.00"
2305,Lotto Revancha,15/10/2022,16,28,27,5,18,"20,000,000.00"
2306,Lotto Revancha,17/10/2022,22,26,28,0,18,"21,000,000.00"
Sorteo,Tipo Lotería,Fecha,No 1,No 2,No 3,No 4,No 5,Acumulado
2307,Lotto Revancha,19/10/2022,23,1,4,13,10,"22,000,000.00"
2308,Lotto Revancha,22/10/2022,16,10,15,38,19,"29,800,000.00"
2309,Lotto Revancha,24/10/2022,32,40,12,34,13,"30,800,000.00"
2310,Lotto Revancha,26/10/2022,2,19,15,25,36,"37,600,000.00"
2311,Lotto Revancha,29/10/2022,3,10,25,9,36,"45,000,000.00"
2312,Lotto Revancha,31/10/2022,10,3,27,17,25,"49,500,000.00"
2313,Lotto Revancha,02/11/2022,4,25,13,18,31,"55,800,000.00"
2314,Lotto Revancha,05/11/2022,5,15,35,25,29,"63,100,000.00"
2315,Lotto Revancha,07/11/2022,13,35,5,12,39,"67,900,000.00"
2316,Lotto Revancha,09/11/2022,13,26,23,35,29,"74,300,000.00"
2317,Lotto Revancha,12/11/2022,1,35,20,0,25,"81,700,000.00"
2318,Lotto Revancha,14/11/2022,17,32,26,34,8,"86,300,000.00"
2319,Lotto Revancha,16/11/2022,8,0,9,31,7,"92,600,000.00"
2320,Lotto Revancha,19/11/2022,12,21,28,22,1,"100,500,000.00"
2321,Lotto Revancha,21/11/2022,16,26,17,4,28,"105,700,000.00"
2322,Lotto Revancha,23/11/2022,31,33,25,21,1,"112,100,000.00"
2323,Lotto Revancha,26/11/2022,1,29,10,14,39,"120,300,000.00"
2324,Lotto Revancha,28/11/2022,32,37,21,1,5,"125,900,000.00"
2325,Lotto Revancha,30/11/2022,22,8,13,33,2,"134,100,000.00"
2326,Lotto Revancha,03/12/2022,0,7,6,14,37,"144,700,000.00"
2327,Lotto Revancha,05/12/2022,40,25,29,13,33,"151,800,000.00"
2328,Lotto Revancha,07/12/2022,11,3,22,18,6,"162,200,000.00"
2329,Lotto Revancha,10/12/2022,18,17,1,0,28,"175,300,000.00"
2330,Lotto Revancha,12/12/2022,15,18,9,34,19,"185,500,000.00"
2331,Lotto Revancha,14/12/2022,26,35,24,32,19,"198,500,000.00"
2332,Lotto Revancha,17/12/2022,39,23,15,6,21,"208,600,000.00"
2333,Lotto Revancha,19/12/2022,27,15,8,4,40,"215,700,000.00"
2334,Lotto Revancha,21/12/2022,22,36,25,10,5,"225,500,000.00"
2335,Lotto Revancha,24/12/2022,27,1,15,7,12,"20,000,000.00"
2336,Lotto Revancha,26/12/2022,29,19,30,40,15,"21,000,000.00"
2337,Lotto Revancha,28/12/2022,2,22,0,10,27,"22,000,000.00"
2338,Lotto Revancha,31/12/2022,12,34,11,2,5,"27,800,000.00"
2339,Lotto Revancha,02/01/2023,26,9,18,7,14,"28,800,000.00"
2340,Lotto Revancha,04/01/2023,14,11,12,6,39,"35,200,000.00"
2341,Lotto Revancha,07/01/2023,0,39,40,18,9,"43,200,000.00"
2342,Lotto Revancha,09/01/2023,14,34,26,20,3,"48,400,000.00"
2343,Lotto Revancha,11/01/2023,1,22,2,7,35,"20,000,000.00"
2344,Lotto Revancha,14/01/2023,2,32,40,3,28,"21,000,000.00"
2345,Lotto Revancha,16/01/2023,38,13,36,30,32,"20,000,000.00"
2346,Lotto Revancha,18/01/2023,34,28,35,10,9,"21,000,000.00"
2347,Lotto Revancha,21/01/2023,20,2,25,24,18,"22,000,000.00"
Sorteo,Tipo Lotería,Fecha,No 1,No 2,No 3,No 4,No 5,Acumulado
2348,Lotto Revancha,23/01/2023,6,14,18,15,0,"28,100,000.00"
2349,Lotto Revancha,25/01/2023,23,31,18,15,26,"36,200,000.00"
2350,Lotto Revancha,28/01/2023,9,36,11,6,26,"46,900,000.00"
2351,Lotto Revancha,30/01/2023,35,7,32,36,18,"55,000,000.00"
2352,Lotto Revancha,01/02/2023,5,38,35,28,29,"66,300,000.00"
2353,Lotto Revancha,04/02/2023,0,6,10,24,28,"80,300,000.00"
2354,Lotto Revancha,06/02/2023,11,0,22,5,21,"85,900,000.00"
2355,Lotto Revancha,08/02/2023,34,13,6,10,28,"93,100,000.00"
2356,Lotto Revancha,11/02/2023,40,25,11,39,29,"102,200,000.00"
2357,Lotto Revancha,13/02/2023,14,35,17,28,23,"108,400,000.00"
2358,Lotto Revancha,15/02/2023,39,31,40,35,27,"116,800,000.00"
2359,Lotto Revancha,18/02/2023,4,21,9,19,3,"20,000,000.00"
2360,Lotto Revancha,20/02/2023,31,35,38,10,13,"21,000,000.00"
2361,Lotto Revancha,22/02/2023,36,14,27,40,2,"22,000,000.00"
2362,Lotto Revancha,25/02/2023,16,17,27,32,7,"29,700,000.00"
2363,Lotto Revancha,27/02/2023,4,36,9,40,11,"34,700,000.00"
2364,Lotto Revancha,01/03/2023,31,29,33,23,7,"42,200,000.00"
2365,Lotto Revancha,04/03/2023,18,2,3,21,31,"51,200,000.00"
2366,Lotto Revancha,06/03/2023,39,21,14,7,23,"57,100,000.00"
2367,Lotto Revancha,08/03/2023,3,15,6,7,2,"64,600,000.00"
2368,Lotto Revancha,11/03/2023,17,26,20,14,9,"74,000,000.00"
2369,Lotto Revancha,13/03/2023,12,39,28,36,3,"80,000,000.00"
2370,Lotto Revancha,15/03/2023,28,13,31,23,33,"20,000,000.00"
2371,Lotto Revancha,18/03/2023,24,25,10,39,1,"21,000,000.00"
2372,Lotto Revancha,20/03/2023,27,14,2,19,40,"22,000,000.00"
2373,Lotto Revancha,22/03/2023,15,4,6,16,9,"23,000,000.00"
2374,Lotto Revancha,25/03/2023,31,39,15,5,13,"30,300,000.00"
2375,Lotto Revancha,27/03/2023,36,35,17,30,26,"35,200,000.00"
2376,Lotto Revancha,29/03/2023,21,0,32,24,6,"41,500,000.00"
2377,Lotto Revancha,01/04/2023,39,27,26,31,0,"49,900,000.00"
2378,Lotto Revancha,03/04/2023,10,5,16,1,15,"54,800,000.00"
2379,Lotto Revancha,05/04/2023,24,30,33,37,7,"60,600,000.00"
2380,Lotto Revancha,10/04/2023,21,8,20,33,18,"65,300,000.00"
2381,Lotto Revancha,12/04/2023,25,9,13,11,4,"72,100,000.00"
2382,Lotto Revancha,15/04/2023,2,37,28,29,20,"80,900,000.00"
2383,Lotto Revancha,17/04/2023,24,34,36,16,0,"87,600,000.00"
2384,Lotto Revancha,19/04/2023,30,34,21,6,28,"96,000,000.00"
2385,Lotto Revancha,22/04/2023,13,29,23,22,15,"106,300,000.00"
2386,Lotto Revancha,24/04/2023,0,26,16,37,38,"111,400,000.00"
2387,Lotto Revancha,26/04/2023,26,32,12,2,16,"117,900,000.00"
2388,Lotto Revancha,29/04/2023,6,11,28,17,21,"126,400,000.00"
Sorteo,Tipo Lotería,Fecha,No 1,No 2,No 3,No 4,No 5,Acumulado
2389,Lotto Revancha,01/05/2023,17,24,39,27,11,"130,700,000.00"
2390,Lotto Revancha,03/05/2023,9,12,31,35,40,"138,200,000.00"
2391,Lotto Revancha,06/05/2023,16,23,38,40,6,"147,400,000.00"
2392,Lotto Revancha,08/05/2023,20,14,23,9,8,"20,000,000.00"
2393,Lotto Revancha,10/05/2023,1,7,4,5,23,"21,000,000.00"
2394,Lotto Revancha,13/05/2023,38,35,4,8,28,"22,000,000.00"
2395,Lotto Revancha,15/05/2023,17,40,3,11,19,"27,500,000.00"
2396,Lotto Revancha,17/05/2023,35,7,29,3,14,"34,500,000.00"
2397,Lotto Revancha,20/05/2023,25,10,12,38,24,"42,900,000.00"
2398,Lotto Revancha,22/05/2023,21,27,35,5,25,"48,800,000.00"
2399,Lotto Revancha,24/05/2023,9,0,11,17,22,"56,200,000.00"
2400,Lotto Revancha,27/05/2023,21,25,0,33,39,"63,400,000.00"
2401,Lotto Revancha,29/05/2023,36,14,23,12,2,"68,000,000.00"
2402,Lotto Revancha,31/05/2023,17,9,26,32,19,"74,500,000.00"
2403,Lotto Revancha,03/06/2023,13,8,14,40,22,"82,600,000.00"
2404,Lotto Revancha,05/06/2023,17,22,11,30,38,"88,000,000.00"
2405,Lotto Revancha,07/06/2023,33,31,36,11,12,"94,400,000.00"
2406,Lotto Revancha,10/06/2023,9,22,30,8,38,"102,300,000.00"
2407,Lotto Revancha,12/06/2023,33,38,26,11,14,"108,400,000.00"
2408,Lotto Revancha,14/06/2023,32,1,22,27,6,"115,600,000.00"
2409,Lotto Revancha,17/06/2023,24,19,37,20,6,"124,500,000.00"
2410,Lotto Revancha,19/06/2023,15,19,0,33,4,"131,300,000.00"
2411,Lotto Revancha,21/06/2023,17,9,27,22,31,"137,600,000.00"
2412,Lotto Revancha,24/06/2023,39,9,13,21,0,"145,500,000.00"
2413,Lotto Revancha,26/06/2023,24,9,19,28,30,"20,000,000.00"
2414,Lotto Revancha,28/06/2023,17,35,6,11,22,"21,000,000.00"
2415,Lotto Revancha,01/07/2023,14,31,32,9,16,"22,000,000.00"
2416,Lotto Revancha,03/07/2023,27,33,3,18,31,"23,000,000.00"
2417,Lotto Revancha,05/07/2023,28,4,40,27,36,"28,800,000.00"
2418,Lotto Revancha,08/07/2023,4,12,15,7,16,"29,800,000.00"
2419,Lotto Revancha,10/07/2023,37,12,23,21,31,"34,200,000.00"
2420,Lotto Revancha,12/07/2023,31,14,13,1,8,"39,700,000.00"
2421,Lotto Revancha,15/07/2023,7,3,38,31,20,"46,800,000.00"
2422,Lotto Revancha,17/07/2023,16,36,28,32,1,"51,400,000.00"
2423,Lotto Revancha,19/07/2023,13,21,31,12,26,"57,600,000.00"
2424,Lotto Revancha,22/07/2023,35,38,14,10,0,"65,100,000.00"
2425,Lotto Revancha,24/07/2023,33,22,27,15,32,"69,300,000.00"
2426,Lotto Revancha,26/07/2023,32,4,14,10,34,"75,300,000.00"
2427,Lotto Revancha,29/07/2023,7,33,29,2,0,"83,600,000.00"
2428,Lotto Revancha,31/07/2023,28,33,29,34,25,"89,700,000.00"
2429,Lotto Revancha,02/08/2023,11,17,35,24,8,"94,600,000.00"
Sorteo,Tipo Lotería,Fecha,No 1,No 2,No 3,No 4,No 5,Acumulado
2430,Lotto Revancha,05/08/2023,10,28,19,22,21,"101,800,000.00"
2431,Lotto Revancha,07/08/2023,1,13,24,36,0,"106,900,000.00"
2432,Lotto Revancha,09/08/2023,36,38,34,21,4,"113,100,000.00"
2433,Lotto Revancha,12/08/2023,3,10,29,40,34,"120,900,000.00"
2434,Lotto Revancha,14/08/2023,23,36,21,3,2,"124,900,000.00"
2435,Lotto Revancha,16/08/2023,0,3,30,10,1,"131,800,000.00"
2436,Lotto Revancha,19/08/2023,38,10,25,15,28,"140,400,000.00"
2437,Lotto Revancha,21/08/2023,0,22,8,16,26,"146,800,000.00"
2438,Lotto Revancha,23/08/2023,35,18,28,7,34,"154,400,000.00"
2439,Lotto Revancha,26/08/2023,4,1,5,29,16,"164,000,000.00"
2440,Lotto Revancha,28/08/2023,0,12,14,39,30,"171,300,000.00"
2441,Lotto Revancha,30/08/2023,5,22,26,11,2,"180,500,000.00"
2442,Lotto Revancha,02/09/2023,13,26,32,28,36,"192,600,000.00"
2443,Lotto Revancha,04/09/2023,23,14,3,24,12,"202,000,000.00"
2444,Lotto Revancha,06/09/2023,36,25,16,3,12,"213,700,000.00"
2445,Lotto Revancha,09/09/2023,5,18,7,32,2,"227,600,000.00"
2446,Lotto Revancha,11/09/2023,29,5,19,22,32,"239,200,000.00"
2447,Lotto Revancha,13/09/2023,25,13,26,2,23,"253,400,000.00"
2448,Lotto Revancha,16/09/2023,37,35,38,7,27,"270,600,000.00"
2449,Lotto Revancha,18/09/2023,36,20,38,39,34,"285,100,000.00"
2450,Lotto Revancha,20/09/2023,2,11,28,22,17,"304,800,000.00"
2451,Lotto Revancha,23/09/2023,33,29,13,40,38,"319,400,000.00"
2452,Lotto Revancha,25/09/2023,2,39,4,24,31,"329,900,000.00"
2453,Lotto Revancha,27/09/2023,4,18,23,15,14,"342,400,000.00"
2454,Lotto Revancha,30/09/2023,16,7,13,28,10,"359,800,000.00"
2455,Lotto Revancha,02/10/2023,31,6,27,14,12,"371,600,000.00"
2456,Lotto Revancha,04/10/2023,18,38,22,25,4,"384,800,000.00"
2457,Lotto Revancha,07/10/2023,18,24,40,21,12,"20,000,000.00"
2458,Lotto Revancha,09/10/2023,17,29,18,21,0,"27,200,000.00"
2459,Lotto Revancha,11/10/2023,32,38,12,22,4,"35,500,000.00"
2460,Lotto Revancha,14/10/2023,29,13,28,6,5,"46,100,000.00"
2461,Lotto Revancha,16/10/2023,1,14,29,15,4,"53,300,000.00"
2462,Lotto Revancha,18/10/2023,10,21,28,16,33,"61,700,000.00"
2463,Lotto Revancha,21/10/2023,9,32,24,34,5,"20,000,000.00"
2464,Lotto Revancha,23/10/2023,26,3,17,19,29,"21,000,000.00"
2465,Lotto Revancha,25/10/2023,16,13,1,22,3,"22,000,000.00"
2466,Lotto Revancha,28/10/2023,31,2,26,7,23,"20,000,000.00"
2467,Lotto Revancha,30/10/2023,28,3,24,2,40,"21,000,000.00"
2468,Lotto Revancha,01/11/2023,31,38,29,35,30,"22,000,000.00"
2469,Lotto Revancha,04/11/2023,26,0,38,20,29,"30,700,000.00"
2470,Lotto Revancha,06/11/2023,39,1,5,31,13,"36,400,000.00"
Sorteo,Tipo Lotería,Fecha,No 1,No 2,No 3,No 4,No 5,Acumulado
2471,Lotto Revancha,08/11/2023,34,11,31,16,3,"43,300,000.00"
2472,Lotto Revancha,11/11/2023,22,23,20,2,9,"51,500,000.00"
2473,Lotto Revancha,13/11/2023,39,15,1,12,27,"57,300,000.00"
2474,Lotto Revancha,15/11/2023,3,11,16,26,28,"64,500,000.00"
2475,Lotto Revancha,18/11/2023,0,20,8,3,29,"73,300,000.00"
2476,Lotto Revancha,20/11/2023,19,31,2,33,25,"79,600,000.00"
2477,Lotto Revancha,22/11/2023,35,6,31,22,4,"87,300,000.00"
2478,Lotto Revancha,25/11/2023,27,7,26,22,8,"96,700,000.00"
2479,Lotto Revancha,27/11/2023,37,13,38,23,35,"103,700,000.00"
2480,Lotto Revancha,29/11/2023,13,17,35,9,16,"112,100,000.00"
2481,Lotto Revancha,02/12/2023,29,6,30,1,39,"121,100,000.00"
2482,Lotto Revancha,04/12/2023,12,9,31,18,5,"127,400,000.00"
2483,Lotto Revancha,06/12/2023,4,22,2,34,5,"135,000,000.00"
2484,Lotto Revancha,09/12/2023,30,17,19,16,8,"20,000,000.00"
2485,Lotto Revancha,11/12/2023,24,33,13,34,19,"21,000,000.00"
2486,Lotto Revancha,13/12/2023,37,29,14,22,40,"22,000,000.00"
2487,Lotto Revancha,16/12/2023,26,21,15,35,30,"29,700,000.00"
2488,Lotto Revancha,18/12/2023,36,1,10,16,0,"35,200,000.00"
2489,Lotto Revancha,20/12/2023,31,2,34,3,8,"41,900,000.00"
2490,Lotto Revancha,23/12/2023,18,7,10,20,32,"48,700,000.00"
2491,Lotto Revancha,27/12/2023,17,29,10,12,13,"54,600,000.00"
2492,Lotto Revancha,30/12/2023,16,24,11,29,18,"61,500,000.00"
2493,Lotto Revancha,03/01/2024,36,28,2,26,14,"67,900,000.00"
2494,Lotto Revancha,06/01/2024,10,11,6,5,15,"75,300,000.00"
2495,Lotto Revancha,08/01/2024,13,0,21,16,5,"80,800,000.00"
2496,Lotto Revancha,10/01/2024,22,37,38,29,24,"87,500,000.00"
2497,Lotto Revancha,13/01/2024,29,39,26,38,17,"95,900,000.00"
2498,Lotto Revancha,15/01/2024,2,12,23,26,20,"20,000,000.00"
2499,Lotto Revancha,17/01/2024,35,28,1,31,14,"21,000,000.00"
2500,Lotto Revancha,20/01/2024,13,29,21,36,32,"22,000,000.00"
2501,Lotto Revancha,22/01/2024,23,18,38,26,11,"28,000,000.00"
2502,Lotto Revancha,24/01/2024,33,4,34,18,20,"35,300,000.00"
2503,Lotto Revancha,27/01/2024,25,36,14,28,24,"44,300,000.00"
2504,Lotto Revancha,29/01/2024,8,10,39,32,35,"49,200,000.00"
2505,Lotto Revancha,31/01/2024,39,15,30,2,25,"55,600,000.00"
2506,Lotto Revancha,03/02/2024,17,33,21,7,35,"63,600,000.00"
2507,Lotto Revancha,05/02/2024,1,21,19,6,11,"69,100,000.00"
2508,Lotto Revancha,07/02/2024,34,6,10,8,29,"20,000,000.00"
2509,Lotto Revancha,10/02/2024,33,18,10,4,40,"20,000,000.00"
2510,Lotto Revancha,12/02/2024,39,34,31,38,16,"21,000,000.00"
2511,Lotto Revancha,14/02/2024,27,40,1,6,3,"22,000,000.00"
Sorteo,Tipo Lotería,Fecha,No 1,No 2,No 3,No 4,No 5,Acumulado
2512,Lotto Revancha,17/02/2024,6,21,39,19,26,"23,000,000.00"
2513,Lotto Revancha,19/02/2024,20,31,14,10,22,"24,000,000.00"
2514,Lotto Revancha,21/02/2024,30,16,17,11,28,"29,400,000.00"
2515,Lotto Revancha,24/02/2024,11,29,21,24,5,"20,000,000.00"
2516,Lotto Revancha,26/02/2024,19,14,23,12,16,"21,000,000.00"
2517,Lotto Revancha,28/02/2024,2,12,4,1,28,"22,000,000.00"
2518,Lotto Revancha,02/03/2024,39,38,3,33,5,"23,000,000.00"
2519,Lotto Revancha,04/03/2024,3,8,30,38,7,"28,000,000.00"
2520,Lotto Revancha,06/03/2024,37,24,9,35,22,"33,900,000.00"
2521,Lotto Revancha,09/03/2024,5,35,23,19,31,"41,100,000.00"
2522,Lotto Revancha,11/03/2024,32,10,27,30,11,"45,600,000.00"
2523,Lotto Revancha,13/03/2024,37,5,14,23,7,"50,900,000.00"
2524,Lotto Revancha,16/03/2024,37,32,22,16,9,"57,900,000.00"
2525,Lotto Revancha,18/03/2024,39,3,19,32,5,"62,900,000.00"
2526,Lotto Revancha,20/03/2024,8,28,10,5,24,"69,000,000.00"
2527,Lotto Revancha,23/03/2024,14,28,9,32,8,"76,400,000.00"
2528,Lotto Revancha,25/03/2024,20,17,16,3,8,"81,500,000.00"
2529,Lotto Revancha,27/03/2024,28,26,35,24,38,"87,500,000.00"
2530,Lotto Revancha,01/04/2024,38,15,29,2,32,"94,000,000.00"
2531,Lotto Revancha,03/04/2024,6,24,35,34,38,"20,000,000.00"
2532,Lotto Revancha,06/04/2024,12,3,36,21,28,"20,000,000.00"
2533,Lotto Revancha,08/04/2024,11,36,35,20,15,"21,000,000.00"
2534,Lotto Revancha,10/04/2024,2,21,30,40,24,"22,000,000.00"
2535,Lotto Revancha,13/04/2024,24,13,31,11,20,"23,000,000.00"
2536,Lotto Revancha,15/04/2024,22,29,40,4,11,"28,800,000.00"
2537,Lotto Revancha,17/04/2024,38,8,18,1,9,"34,400,000.00"
2538,Lotto Revancha,20/04/2024,36,28,40,7,37,"41,200,000.00"
2539,Lotto Revancha,22/04/2024,5,13,33,9,14,"20,000,000.00"
2540,Lotto Revancha,24/04/2024,1,28,22,16,39,"21,000,000.00"
2541,Lotto Revancha,27/04/2024,40,15,31,3,26,"22,000,000.00"
2542,Lotto Revancha,29/04/2024,16,23,24,37,19,"23,000,000.00"
2543,Lotto Revancha,01/05/2024,19,24,16,3,18,"28,800,000.00"
2544,Lotto Revancha,04/05/2024,24,8,5,6,40,"36,000,000.00"
2545,Lotto Revancha,06/05/2024,30,16,19,0,38,"40,900,000.00"
2546,Lotto Revancha,08/05/2024,25,27,36,31,1,"46,600,000.00"
2547,Lotto Revancha,11/05/2024,12,11,17,13,30,"53,300,000.00"
2548,Lotto Revancha,13/05/2024,5,32,37,34,23,"58,300,000.00"
2549,Lotto Revancha,15/05/2024,5,30,39,2,24,"64,400,000.00"
2550,Lotto Revancha,18/05/2024,27,38,8,1,32,"72,600,000.00"
2551,Lotto Revancha,20/05/2024,1,30,5,15,8,"78,500,000.00"
2552,Lotto Revancha,22/05/2024,22,17,28,32,35,"85,300,000.00"
Sorteo,Tipo Lotería,Fecha,No 1,No 2,No 3,No 4,No 5,Acumulado
2553,Lotto Revancha,25/05/2024,38,18,29,34,9,"93,300,000.00"
2554,Lotto Revancha,27/05/2024,35,26,37,4,15,"99,200,000.00"
2555,Lotto Revancha,29/05/2024,11,1,38,8,5,"106,200,000.00"
2556,Lotto Revancha,01/06/2024,17,25,23,12,2,"114,100,000.00"
2557,Lotto Revancha,03/06/2024,26,19,37,28,27,"119,700,000.00"
2558,Lotto Revancha,05/06/2024,31,6,34,13,8,"126,100,000.00"
2559,Lotto Revancha,08/06/2024,8,12,0,9,23,"133,700,000.00"
2560,Lotto Revancha,10/06/2024,37,28,1,4,29,"139,400,000.00"
2561,Lotto Revancha,12/06/2024,21,3,32,18,10,"146,400,000.00"
2562,Lotto Revancha,15/06/2024,36,23,34,1,35,"154,900,000.00"
2563,Lotto Revancha,17/06/2024,32,2,36,35,0,"161,700,000.00"
2564,Lotto Revancha,19/06/2024,1,39,28,37,26,"169,400,000.00"
2565,Lotto Revancha,22/06/2024,2,4,33,29,9,"178,900,000.00"
2566,Lotto Revancha,24/06/2024,7,21,32,27,6,"186,100,000.00"
2567,Lotto Revancha,26/06/2024,34,10,24,1,8,"192,800,000.00"
2568,Lotto Revancha,29/06/2024,23,35,22,12,28,"201,800,000.00"
2569,Lotto Revancha,01/07/2024,2,9,33,14,23,"208,800,000.00"
2570,Lotto Revancha,03/07/2024,3,2,34,36,16,"216,300,000.00"
2571,Lotto Revancha,06/07/2024,27,17,22,0,20,"225,800,000.00"
2572,Lotto Revancha,08/07/2024,7,10,21,34,40,"233,600,000.00"
